nome,telefone,endereco,site,link_maps,busca
100% Caçambas Campinas,(19) 2121-2204,"R. Francisco Moretzshon, 44 - Jardim Santana, Campinas - SP, 13088-600, Brasil",http://www.cacambascampinas.eng.br/,https://maps.google.com/?cid=3624860776928884016&g_mp=Cidnb29nbGUubWFwcy5wbGFjZXMudjEuUGxhY2VzLlNlYXJjaFRleHQQAhgEIAA,aluguel de cacamba - Campinas SP
2E Caçambas,(11) 98364-9808,"Av. Dr. Ulysses Guimarães, 3947/3975 - Vila Nogueira, Diadema - SP, 09990-080, Brasil",http://www.cacambas2e.com.br/,https://maps.google.com/?cid=12598652009672039539&g_mp=Cidnb29nbGUubWFwcy5wbGFjZXMudjEuUGxhY2VzLlNlYXJjaFRleHQQAhgEIAA,aluguel de cacamba - Sao Bernardo do Campo SP
3504-9200 MV Entulhos,(19) 3504-9200,"R. Anésio Palermo, 150 - Jardim Nossa Sra. de Fatima, Hortolândia - SP, 13185-462, Brasil",,https://maps.google.com/?cid=349525204437287946&g_mp=Cidnb29nbGUubWFwcy5wbGFjZXMudjEuUGxhY2VzLlNlYXJjaFRleHQQAhgEIAA,coleta de entulho - Campinas SP
A ARCA Caçambas,(19) 3225-5450,"R. Baziliza Bueno de Camargo, 538 - Jardim Paraiso de Viracopos, Campinas - SP, 13052-222, Brasil",https://gryforion07.wixsite.com/cacambascampinas,https://maps.google.com/?cid=10333757202203166585&g_mp=Cidnb29nbGUubWFwcy5wbGFjZXMudjEuUGxhY2VzLlNlYXJjaFRleHQQAhgEIAA,aluguel de cacamba - Campinas SP
A Moreira,(11) 95450-5341,"R. Toninhas, 506 - Vila Gea, São Paulo - SP, 04691-040, Brasil",https://sites.google.com/view/a-moreira-transportes,https://maps.google.com/?cid=3477036632216361694&g_mp=Cidnb29nbGUubWFwcy5wbGFjZXMudjEuUGxhY2VzLlNlYXJjaFRleHQQAhgEIAA,aluguel de cacamba - Sao Paulo SP
A.S. Coleta Urbana - Locação de Caçambas Estacionárias,(11) 99871-7211,"Av. São Gabriel, 665 - Bloco 625 - Jardim Paulista, São Paulo - SP, 01435-001, Brasil",https://ascoleta.com.br/,https://maps.google.com/?cid=15006432545112283000&g_mp=Cidnb29nbGUubWFwcy5wbGFjZXMudjEuUGxhY2VzLlNlYXJjaFRleHQQAhgEIAA,aluguel de cacamba - Sao Paulo SP
AFS Caçambas,(11) 99885-0114,"Av. Papa João Paulo I, 1663 - Jd Aeroporto, Guarulhos - SP, 07170-350, Brasil",https://www.guiadeassinantes.com.br/anuncio/afs-aluguel-de-cacambas-em-guarulhos,https://maps.google.com/?cid=12385849571502714702&g_mp=Cidnb29nbGUubWFwcy5wbGFjZXMudjEuUGxhY2VzLlNlYXJjaFRleHQQAhgEIAA,coleta de entulho - Guarulhos SP
AJ Fanger Caçamba de Entulho e Terraplenagem,(19) 4141-7640,"R. José Fanger, 335 - Jardim Santa Terezinha, Campinas - SP, 13052-163, Brasil",,https://maps.google.com/?cid=10623102630704189597&g_mp=Cidnb29nbGUubWFwcy5wbGFjZXMudjEuUGxhY2VzLlNlYXJjaFRleHQQAhgEIAA,remocao de entulho - Campinas SP
AJCM Remoção e Locação,(11) 2421-8898,"R. Rio Grande do Sul, 150 - Vila Sao Joao, Guarulhos - SP, 07052-220, Brasil",,https://maps.google.com/?cid=5943139203598459757&g_mp=Cidnb29nbGUubWFwcy5wbGFjZXMudjEuUGxhY2VzLlNlYXJjaFRleHQQAhgEIAA,coleta de entulho - Guarulhos SP
ALLIS,(11) 99699-4393,"Bonfim, Paulínia - SP, 13140-000, Brasil",,https://maps.google.com/?cid=2872697780129712672&g_mp=Cidnb29nbGUubWFwcy5wbGFjZXMudjEuUGxhY2VzLlNlYXJjaFRleHQQAhgEIAA,coleta de entulho - Paulinia SP
ALM Locação de Caçambas,(11) 97475-5425,"R. Antônio Russo, 266 - Jardim Roberto, Osasco - SP, 06170-000, Brasil",,https://maps.google.com/?cid=197699749671101365&g_mp=Cidnb29nbGUubWFwcy5wbGFjZXMudjEuUGxhY2VzLlNlYXJjaFRleHQQAhgEIAA,transporte de entulho - Osasco SP
ALUGUEL DE CAÇAMBA DE ENTULHO,(11) 91770-5962,"R. Dr. Ascânio Cerqueira, 75 - Vila Brasilio Machado, São Paulo - SP, 04288-100, Brasil",http://remocoes.com/?utm_source=gmb&utm_medium=referral,https://maps.google.com/?cid=13258536175394611551&g_mp=Cidnb29nbGUubWFwcy5wbGFjZXMudjEuUGxhY2VzLlNlYXJjaFRleHQQAhgEIAA,aluguel de cacamba - Sao Paulo SP
AMB LOCAÇÃO DE CAÇAMBAS PARA ENTULHO,(19) 99548-3651,"R. Cinco de Julho, 887 - Centro, Indaiatuba - SP, 13330-220, Brasil",,https://maps.google.com/?cid=14807303915340244255&g_mp=Cidnb29nbGUubWFwcy5wbGFjZXMudjEuUGxhY2VzLlNlYXJjaFRleHQQAhgEIAA,aluguel de cacamba - Indaiatuba SP
AMBOB DEMOLIDORA TERRAPLANAGEM Transportes e Locação de Máquinas.,(19) 98180-3095,"Av. Sylvio Môro, 335 - Vila Industrial (Campinas), Campinas - SP, 13035-730, Brasil",,https://maps.google.com/?cid=7677303939298065136&g_mp=Cidnb29nbGUubWFwcy5wbGFjZXMudjEuUGxhY2VzLlNlYXJjaFRleHQQAhgEIAA,transporte de entulho - Campinas SP
AV Entulho,(19) 3256-3308,"R. Antônio Maurício Ladeira, 98 - Jardim Conceição, Campinas - SP, 13091-070, Brasil",http://www.aventulho.com.br/,https://maps.google.com/?cid=6676443179633846430&g_mp=Cidnb29nbGUubWFwcy5wbGFjZXMudjEuUGxhY2VzLlNlYXJjaFRleHQQAhgEIAA,disk entulho - Campinas SP
AV Entulho,(19) 3256-3308,"R. Josias de P. Pinheiro, 36 - Parque Anhumas, Campinas - SP, 13088-580, Brasil",http://www.aventulho.com.br/,https://maps.google.com/?cid=5770759831071537503&g_mp=Cidnb29nbGUubWFwcy5wbGFjZXMudjEuUGxhY2VzLlNlYXJjaFRleHQQAhgEIAA,coleta de entulho - Campinas SP
AVF CACAMBAS,(19) 3253-6089,"R. Serra Dourada, 978 - Jardim Baronesa, Campinas - SP, 13100-325, Brasil",http://www.avfcacambas.com.br/,https://maps.google.com/?cid=11880822187032347225&g_mp=Cidnb29nbGUubWFwcy5wbGFjZXMudjEuUGxhY2VzLlNlYXJjaFRleHQQAhgEIAA,aluguel de cacamba - Campinas SP
Abc caçambas Eireli,(11) 4426-2920,"R. Dom Silvério Pimenta - Santo André, SP, 09051-460, Brasil",,https://maps.google.com/?cid=10521726770568088241&g_mp=Cidnb29nbGUubWFwcy5wbGFjZXMudjEuUGxhY2VzLlNlYXJjaFRleHQQAhgEIAA,remocao de entulho - Santo Andre SP
Adil Quebra Galho Retirada de Entulho e Reciclagem,(11) 94264-5232,"R. Piraí do Sul, 99 - Vila Florida, Guarulhos - SP, 07196-050, Brasil",https://www.facebook.com/share/1JNC1by5Z1/,https://maps.google.com/?cid=16134912792643238008&g_mp=Cidnb29nbGUubWFwcy5wbGFjZXMudjEuUGxhY2VzLlNlYXJjaFRleHQQAhgEIAA,remocao de entulho - Guarulhos SP
Adrilulajo Locações,(19) 98125-0299,"R. Antônio Carlos Nogueira, 1826 - Bela Vista, continuação - SP, 13150-000, Brasil",,https://maps.google.com/?cid=6106723470341497144&g_mp=Cidnb29nbGUubWFwcy5wbGFjZXMudjEuUGxhY2VzLlNlYXJjaFRleHQQAhgEIAA,aluguel de cacamba - Cosmopolis SP
Agranvi Transportes,5677-2580,"R. Alba, 2296 - Parque Jabaquara, São Paulo - SP, 04382-038, Brasil",http://agranvi.com.br/,https://maps.google.com/?cid=18046229815200604759&g_mp=Cidnb29nbGUubWFwcy5wbGFjZXMudjEuUGxhY2VzLlNlYXJjaFRleHQQAhgEIAA,transporte de entulho - Sao Paulo SP
Alexandre Salati Terraplanagem,(19) 99890-7650,"Sitio Palmeiras, Artur Nogueira - SP, 13619-899, Brasil",,https://maps.google.com/?cid=8917162790918967977&g_mp=Cidnb29nbGUubWFwcy5wbGFjZXMudjEuUGxhY2VzLlNlYXJjaFRleHQQAhgEIAA,remocao de entulho - Artur Nogueira SP
Alugar caçamba em Campinas | XPB Caçamba,(19) 98362-0516,"R. Hélio Martineli, 17 - Jardim Uruguai, Campinas - SP, 13059-852, Brasil",https://xpbcacamba.lovable.app/,https://maps.google.com/?cid=11529087280378233480&g_mp=Cidnb29nbGUubWFwcy5wbGFjZXMudjEuUGxhY2VzLlNlYXJjaFRleHQQAhgEIAA,coleta de entulho - Campinas SP
Aluguel Caçambas SPO,(11) 94596-5095,"Av. Macuco, 119 - Casa 01 - Moema, São Paulo - SP, 04523-000, Brasil",,https://maps.google.com/?cid=11523485885987506787&g_mp=Cidnb29nbGUubWFwcy5wbGFjZXMudjEuUGxhY2VzLlNlYXJjaFRleHQQAhgEIAA,aluguel de cacamba - Sao Paulo SP
Aluguel de Caçambas Rossi Entulho,(11) 96452-4169,"R. Dona Vitória Speers, 1163 - Vila Formosa, São Paulo - SP, 03359-000, Brasil",https://www.rossientulho.com.br/,https://maps.google.com/?cid=6482929610466090327&g_mp=Cidnb29nbGUubWFwcy5wbGFjZXMudjEuUGxhY2VzLlNlYXJjaFRleHQQAhgEIAA,aluguel de cacamba - Sao Paulo SP
Aluguel de Caçambas SP,(11) 98732-8278,"Av. Paulista - Centro, São Paulo - SP, 01311-925, Brasil",https://alugueldecacambasp.eco.br/,https://maps.google.com/?cid=2378440954189395055&g_mp=Cidnb29nbGUubWFwcy5wbGFjZXMudjEuUGxhY2VzLlNlYXJjaFRleHQQAhgEIAA,coleta de entulho - Sao Paulo SP
Aluguel de Caçambas em Guarulhos SP - Caçambas Vitoriano,(11) 96063-9417,"R. Guiomar Santana, 101 - Centro, Guarulhos - SP, 07112-060, Brasil",,https://maps.google.com/?cid=8759199269444708053&g_mp=Cidnb29nbGUubWFwcy5wbGFjZXMudjEuUGxhY2VzLlNlYXJjaFRleHQQAhgEIAA,aluguel de cacamba - Guarulhos SP
Aluguel de caçamba - D'elite Transportes LTDA,(11) 98415-3596,"Rua Picapara, 1 - Jardim Guanhembu, São Paulo - SP, 04814-335, Brasil",,https://maps.google.com/?cid=518481030380301388&g_mp=Cidnb29nbGUubWFwcy5wbGFjZXMudjEuUGxhY2VzLlNlYXJjaFRleHQQAhgEIAA,aluguel de cacamba - Sao Paulo SP
Aluguel de caçamba menor preço,(11) 92694-7651,"R. Prof. Cícero de Sá Ramalho, 181 - Aricanduva, São Paulo - SP, 03462-000, Brasil",https://lockcacambas.online/,https://maps.google.com/?cid=15140943674878107963&g_mp=Cidnb29nbGUubWFwcy5wbGFjZXMudjEuUGxhY2VzLlNlYXJjaFRleHQQAhgEIAA,aluguel de cacamba - Sao Paulo SP
"Aluguel de caçamba sp / Gsvk caçambas, Moema, Brooklin, Pinheiros, lapa centro",(11) 94776-8853,"Rua Carlos Facchina, 435 - Conj 39 - Americanópolis, São Paulo - SP, 04427-020, Brasil",http://www.alugueldecacambasp.com.br/,https://maps.google.com/?cid=4444710797673227368&g_mp=Cidnb29nbGUubWFwcy5wbGFjZXMudjEuUGxhY2VzLlNlYXJjaFRleHQQAhgEIAA,aluguel de cacamba - Sao Paulo SP
Aluguel de caçambas - Dumacri,(11) 94100-4742,"Rua Correia de Godói, 268 - Cidade Antônio Estêvão de Carvalho, São Paulo - SP, 08225-290, Brasil",https://wa.me/5511941004742,https://maps.google.com/?cid=9718820238092427276&g_mp=Cidnb29nbGUubWFwcy5wbGFjZXMudjEuUGxhY2VzLlNlYXJjaFRleHQQAhgEIAA,aluguel de cacamba - Sao Paulo SP
Aluguel de caçambas Real Lix,(11) 95113-8697,"Av. Imperatriz Leopoldina - Vila Leopoldina, São Paulo - SP, 05305-001, Brasil",http://www.aluguelcacambasssp.com.br/,https://maps.google.com/?cid=2209729341262334735&g_mp=Cidnb29nbGUubWFwcy5wbGFjZXMudjEuUGxhY2VzLlNlYXJjaFRleHQQAhgEIAA,aluguel de cacamba - Sao Paulo SP
Ambiental Coletas,(11) 98940-5540,"R. Timon, 166 - Jardim do Triunfo, Guarulhos - SP, 07175-420, Brasil",,https://maps.google.com/?cid=10618217760422643796&g_mp=Cidnb29nbGUubWFwcy5wbGFjZXMudjEuUGxhY2VzLlNlYXJjaFRleHQQAhgEIAA,coleta de entulho - Guarulhos SP
Ambitecnos Especializada Artur Nogueira,(19) 3199-0933,"Limpa Fossa - R. Ernesto Tagliari, 1761 - Jd Paes, Artur Nogueira - SP, 13160-000, Brasil",https://ambitecnos.com.br/,https://maps.google.com/?cid=3025433013374181283&g_mp=Cidnb29nbGUubWFwcy5wbGFjZXMudjEuUGxhY2VzLlNlYXJjaFRleHQQAhgEIAA,disk entulho - Artur Nogueira SP
Amigos Caçambas | Aluguel de Caçambas,(11) 4421-9526,"R. Rebeca, 30 - Vila Palmares, Santo André - SP, 09061-400, Brasil",https://amigoscacambas.com.br/,https://maps.google.com/?cid=14586944891520620999&g_mp=Cidnb29nbGUubWFwcy5wbGFjZXMudjEuUGxhY2VzLlNlYXJjaFRleHQQAhgEIAA,aluguel de cacamba - Santo Andre SP
Amparo Ambiental e Construções,(19) 3808-5681,"R. Ana Porto Oriente, 565 A - Chácara Santo ANTONIO, Santo Antônio de Posse - SP, 13830-000, Brasil",http://amparoambiental.com.br/,https://maps.google.com/?cid=10943565981209632206&g_mp=Cidnb29nbGUubWFwcy5wbGFjZXMudjEuUGxhY2VzLlNlYXJjaFRleHQQAhgEIAA,coleta de entulho - Santo Antonio de Posse SP
"Antônio, Carreteiro em Carapicuíba – Fretes, Mudanças, Remoção de Entulho e Transporte Pontual",(11) 97723-8047,"R. Padre Emílio, 90 - Vila Silviania, Carapicuíba - SP, 06321-480, Brasil",,https://maps.google.com/?cid=7608250665545260099&g_mp=Cidnb29nbGUubWFwcy5wbGFjZXMudjEuUGxhY2VzLlNlYXJjaFRleHQQAhgEIAA,remocao de entulho - Osasco SP
Apliquim Brasil Recicle,(19) 3884-9444,"Av. Irene Karcher, 1282-2324, Paulínia - SP, 13140-000, Brasil",http://www.apliquimbrasilrecicle.com.br/,https://maps.google.com/?cid=865300416176038509&g_mp=Cidnb29nbGUubWFwcy5wbGFjZXMudjEuUGxhY2VzLlNlYXJjaFRleHQQAhgEIAA,coleta de entulho - Paulinia SP
Artur Nogueira Limpadora,(19) 3091-5754,"Limpa Fossa - R. Sete de Setembro, 1291 - D Stein, Artur Nogueira - SP, 13160-078, Brasil",http://limpadoraarturnogueira.com.br/,https://maps.google.com/?cid=10630057229860633443&g_mp=Cidnb29nbGUubWFwcy5wbGFjZXMudjEuUGxhY2VzLlNlYXJjaFRleHQQAhgEIAA,remocao de entulho - Artur Nogueira SP
Aterro Sanitário Municipal,(19) 3463-1229,"Estr. dos Italianos, 1800, Santa Bárbara d'Oeste - SP, Brasil",,https://maps.google.com/?cid=14229056376108386442&g_mp=Cidnb29nbGUubWFwcy5wbGFjZXMudjEuUGxhY2VzLlNlYXJjaFRleHQQAhgEIAA,coleta de entulho - Santa Barbara dOeste SP
Att Silva & Silva Caçambas,(11) 97692-2024,"R. Grã-Bretanha, 494 - Vila Sacadura Cabral, Santo André - SP, 09060-500, Brasil",https://silvacacambas.com.br/,https://maps.google.com/?cid=15401948061412487483&g_mp=Cidnb29nbGUubWFwcy5wbGFjZXMudjEuUGxhY2VzLlNlYXJjaFRleHQQAhgEIAA,remocao de entulho - Santo Andre SP
BC Caçambas / Locação/Aluguel de Caçambas de Entulho em Hortolândia e Sumaré,(19) 99559-4107,"Rua Artur Henrique Gabe, 151 - Parque Ortolândia, Hortolândia - SP, 13184-090, Brasil",http://www.bccacambas.com/,https://maps.google.com/?cid=15451667763063242449&g_mp=Cidnb29nbGUubWFwcy5wbGFjZXMudjEuUGxhY2VzLlNlYXJjaFRleHQQAhgEIAA,aluguel de cacamba - Hortolandia SP
BR Multi Residuos,(11) 2268-3815,"Rua Serra da Bocaina, 562 - 1 andar Sala 14 - Mooca, São Paulo - SP, 03174-000, Brasil",http://brmultiresiduos.com.br/,https://maps.google.com/?cid=1721069390647691196&g_mp=Cidnb29nbGUubWFwcy5wbGFjZXMudjEuUGxhY2VzLlNlYXJjaFRleHQQAhgEIAA,remocao de entulho - Sao Paulo SP
BRASIL caçambas em Hortolândia SP,(11) 95134-0872,"R. Orlando Cavalcante, 123 - Vila Real, Hortolândia - SP, 13183-114, Brasil",,https://maps.google.com/?cid=1528171163541228940&g_mp=Cidnb29nbGUubWFwcy5wbGFjZXMudjEuUGxhY2VzLlNlYXJjaFRleHQQAhgEIAA,coleta de entulho - Campinas SP
Bandeira locação de caçamba,(19) 99655-6757,"Av. Jânio Quadros, 1074 - Centro, Monte Mor - SP, 13190-000, Brasil",https://m.facebook.com/Entulhobandeira/,https://maps.google.com/?cid=1548740368395050896&g_mp=Cidnb29nbGUubWFwcy5wbGFjZXMudjEuUGxhY2VzLlNlYXJjaFRleHQQAhgEIAA,aluguel de cacamba - Monte Mor SP
Barbosa Entulhos Campinas,(19) 3256-0277,"R. Londres, 28 - Parque São Quirino, Campinas - SP, 13088-150, Brasil",https://sites.google.com/barbosaentulhos.com/barbosaentulhos/tamanhos-dispon%C3%ADveis,https://maps.google.com/?cid=7497335698682575713&g_mp=Cidnb29nbGUubWFwcy5wbGFjZXMudjEuUGxhY2VzLlNlYXJjaFRleHQQAhgEIAA,aluguel de cacamba - Campinas SP
Barreiro Caçambas,(19) 99812-0886,"R. Serra Dourada, 964 - Jardim Baronesa, Campinas - SP, 13100-325, Brasil",https://cacambacampinas.com.br/,https://maps.google.com/?cid=13647111153017900062&g_mp=Cidnb29nbGUubWFwcy5wbGFjZXMudjEuUGxhY2VzLlNlYXJjaFRleHQQAhgEIAA,aluguel de cacamba - Campinas SP
Barão Entulhos,(19) 99804-7931,"R. 3, 145 - Parque das Indústrias, Paulínia - SP, 13148-378, Brasil",http://baraoentulhos.com.br/,https://maps.google.com/?cid=17494633893609540805&g_mp=Cidnb29nbGUubWFwcy5wbGFjZXMudjEuUGxhY2VzLlNlYXJjaFRleHQQAhgEIAA,aluguel de cacamba - Campinas SP
Batista Bicicletas Holambra,(19) 99911-0688,"R. Antônio Damásio Filipini, 181 B - Centro, Holambra - SP, 13825-000, Brasil",,https://maps.google.com/?cid=12736906037703825534&g_mp=Cidnb29nbGUubWFwcy5wbGFjZXMudjEuUGxhY2VzLlNlYXJjaFRleHQQAhgEIAA,aluguel de cacamba - Holambra SP
Baú Caçambas Campinas - Remoção de Entulhos,(19) 3251-2411,"Rua 12, 580 - Parque Rural Fazenda Santa Cândida, Campinas - SP, 13087-556, Brasil",http://www.baucacambas.com.br/,https://maps.google.com/?cid=10295126733311118537&g_mp=Cidnb29nbGUubWFwcy5wbGFjZXMudjEuUGxhY2VzLlNlYXJjaFRleHQQAhgEIAA,aluguel de cacamba - Campinas SP
Beraldo caçamba,(19) 99137-7751,"Rua do chá - R. do Açúcar, 81 - ao lado 259 - Jardim Perola, Santa Bárbara d'Oeste - SP, 13454-183, Brasil",https://www.instagram.com/beraldocacambas?igsh=ZTZrZTM5MmpwcXJv,https://maps.google.com/?cid=9759951013023765445&g_mp=Cidnb29nbGUubWFwcy5wbGFjZXMudjEuUGxhY2VzLlNlYXJjaFRleHQQAhgEIAA,aluguel de cacamba - Santa Barbara dOeste SP
Biológica Saneamento Ambiental | Caçambas em Paulínia,(19) 97417-5971,"Av. Duque de Caxias, 788 - João Aranha, Paulínia - SP, 13145-700, Brasil",,https://maps.google.com/?cid=1910314624041291550&g_mp=Cidnb29nbGUubWFwcy5wbGFjZXMudjEuUGxhY2VzLlNlYXJjaFRleHQQAhgEIAA,aluguel de cacamba - Paulinia SP
Boer Locações,(19) 3877-2503,"R. Primeiro de Janeiro, 1345 - Centro, Artur Nogueira - SP, 13160-000, Brasil",http://boerlocacoes.com.br/,https://maps.google.com/?cid=12391060521295803549&g_mp=Cidnb29nbGUubWFwcy5wbGFjZXMudjEuUGxhY2VzLlNlYXJjaFRleHQQAhgEIAA,aluguel de cacamba - Artur Nogueira SP
Bonfim Caçambas,(19) 99230-7586,"R. Antônio Pereira Lima, 158 - Parque Imperador, Campinas - SP, 13097-112, Brasil",,https://maps.google.com/?cid=15426923455525810442&g_mp=Cidnb29nbGUubWFwcy5wbGFjZXMudjEuUGxhY2VzLlNlYXJjaFRleHQQAhgEIAA,coleta de entulho - Campinas SP
"Borgertserviços ,retirada de entulhos e retirada de moveis velhos",(11) 5678-7996,"Av. Paulista, 3000 - Bela Vista, São Paulo - SP, 01310-300, Brasil",http://www.borgertservicos.com.br/,https://maps.google.com/?cid=11491230448621162735&g_mp=Cidnb29nbGUubWFwcy5wbGFjZXMudjEuUGxhY2VzLlNlYXJjaFRleHQQAhgEIAA,coleta de entulho - Sao Paulo SP
Bort & Bort Transportes,(19) 99226-1571,"R. Albano Angolini, 409 - Chácara Recreio Cruzeiro do Sul, Santa Bárbara d'Oeste - SP, 13450-000, Brasil",https://www.borttransportes.com.br/,https://maps.google.com/?cid=12405479785739424202&g_mp=Cidnb29nbGUubWFwcy5wbGFjZXMudjEuUGxhY2VzLlNlYXJjaFRleHQQAhgEIAA,transporte de entulho - Santa Barbara dOeste SP
Bota Fora Caçambas,(19) 3881-3333,"R. João Brocaneli, 501 - Chácaras São Bento, Valinhos - SP, 13278-043, Brasil",https://botaforacacambas.com.br/,https://maps.google.com/?cid=13006693515234133146&g_mp=Cidnb29nbGUubWFwcy5wbGFjZXMudjEuUGxhY2VzLlNlYXJjaFRleHQQAhgEIAA,coleta de entulho - Campinas SP
Brasil Coleta Gerenciamento de Resíduos,(19) 3324-1504,"R. Ernesto Barijan, 366 - Planalto do Sol, Sumaré - SP, 13171-180, Brasil",http://www.brasilcoleta.com.br/,https://maps.google.com/?cid=4882864495519862606&g_mp=Cidnb29nbGUubWFwcy5wbGFjZXMudjEuUGxhY2VzLlNlYXJjaFRleHQQAhgEIAA,coleta de entulho - Sumare SP
Bucarte Fretes e carretos,(11) 96337-0834,"R. Lácio, 58 - Jardim Cristiane, Santo André - SP, 09185-090, Brasil",,https://maps.google.com/?cid=6780982305904158253&g_mp=Cidnb29nbGUubWFwcy5wbGFjZXMudjEuUGxhY2VzLlNlYXJjaFRleHQQAhgEIAA,transporte de entulho - Santo Andre SP
CAMARGO TRANSPORTE E ALUGUEL DE MAQUINAS LTDA,(11) 98988-7179,"Av. Nordestina, 3349 - Vila Curuçá, São Paulo - SP, 08042-360, Brasil",https://alugarcacamba.com/,https://maps.google.com/?cid=3454906630336613161&g_mp=Cidnb29nbGUubWFwcy5wbGFjZXMudjEuUGxhY2VzLlNlYXJjaFRleHQQAhgEIAA,transporte de entulho - Sao Paulo SP
CAÇAMBAS ARANHA LOCAÇÕES,(11) 5026-2067,"R. Joaquim Gonçalves Lêdo, 201 - Cipava, Osasco - SP, 06080-070, Brasil",http://www.cacambasaranha.com.br/,https://maps.google.com/?cid=9226512737983482128&g_mp=Cidnb29nbGUubWFwcy5wbGFjZXMudjEuUGxhY2VzLlNlYXJjaFRleHQQAhgEIAA,aluguel de cacamba - Osasco SP
CAÇAMBAS CROCODILO,(19) 97104-7878,"R. Anthero Cristino, 420 - Fazenda Santa Cândida, Campinas - SP, 13087-556, Brasil",https://crocodilocacambas.com.br/,https://maps.google.com/?cid=2019192388892874778&g_mp=Cidnb29nbGUubWFwcy5wbGFjZXMudjEuUGxhY2VzLlNlYXJjaFRleHQQAhgEIAA,coleta de entulho - Campinas SP
CAÇAMBAS ENTULHO CROCODILO,(19) 97104-7878,"Av. Sidnei Cardon de Oliveira, 1021 - Cascata, Paulínia - SP, 13146-052, Brasil",https://wa.me/qr/OWFCIGQW5VI3E1,https://maps.google.com/?cid=16944566401365095591&g_mp=Cidnb29nbGUubWFwcy5wbGFjZXMudjEuUGxhY2VzLlNlYXJjaFRleHQQAhgEIAA,aluguel de cacamba - Paulinia SP
CAÇAMBAS JARDIM VILA FORMOSA,(11) 99346-6469,"R. Jorge Ogushi, 1220 - Jardim Vila Formosa, São Paulo - SP, 03471-000, Brasil",,https://maps.google.com/?cid=12745775563045642384&g_mp=Cidnb29nbGUubWFwcy5wbGFjZXMudjEuUGxhY2VzLlNlYXJjaFRleHQQAhgEIAA,aluguel de cacamba - Sao Paulo SP
CAÇAMBAS TRANSINACIO,(19) 99479-2133,"R. Carlos Roberto Jacober, 96 - Europark Comercial, Indaiatuba - SP, 13348-750, Brasil",https://cacambastransinacio.com.br/,https://maps.google.com/?cid=11479409706901549160&g_mp=Cidnb29nbGUubWFwcy5wbGFjZXMudjEuUGxhY2VzLlNlYXJjaFRleHQQAhgEIAA,aluguel de cacamba - Indaiatuba SP
CAÇAMBAS VENÂNCIO ALUGUEL DE CAÇAMBAS PARA ENTULHOS ENTREGAS EM 1 HORA,(19) 97149-6229,"Rua José - R. Pedro de Oliveira, 305 - Jardim dos Ipes, Sumaré - SP, 13178-853, Brasil",https://cacambasvenancio.com.br/,https://maps.google.com/?cid=10427893986276243136&g_mp=Cidnb29nbGUubWFwcy5wbGFjZXMudjEuUGxhY2VzLlNlYXJjaFRleHQQAhgEIAA,aluguel de cacamba - Sumare SP
CENA ENTULHO,(19) 3462-2040,"13469-630 - R. José Pádula, 635 - Parque Gramado, Santa Bárbara d'Oeste - SP, 13469-630, Brasil",,https://maps.google.com/?cid=8544366257665704734&g_mp=Cidnb29nbGUubWFwcy5wbGFjZXMudjEuUGxhY2VzLlNlYXJjaFRleHQQAhgEIAA,coleta de entulho - Americana SP
CENTRAL CAÇAMBAS,(19) 99619-1586,"Estr. da Capela, 1111 - Lot. Banespa, Vinhedo - SP, 13280-000, Brasil",https://cacambascentral.com.br/,https://maps.google.com/?cid=14667994890244163827&g_mp=Cidnb29nbGUubWFwcy5wbGFjZXMudjEuUGxhY2VzLlNlYXJjaFRleHQQAhgEIAA,remocao de entulho - Valinhos SP
CENTRAL CAÇAMBAS PARA ENTULHO,(11) 3425-1418,"R. Afonso Pena, 179 - Jd. Casagrande, Diadema - SP, 09960-490, Brasil",,https://maps.google.com/?cid=1117642727044742702&g_mp=Cidnb29nbGUubWFwcy5wbGFjZXMudjEuUGxhY2VzLlNlYXJjaFRleHQQAhgEIAA,aluguel de cacamba - Sao Bernardo do Campo SP
CF Caçambas,(19) 3922-8505,"R. Antônio Maurício Ladeira, 98 - Jardim Conceição, Campinas - SP, 13091-070, Brasil",https://cfcacambas.com.br/,https://maps.google.com/?cid=3783849279086669810&g_mp=Cidnb29nbGUubWFwcy5wbGFjZXMudjEuUGxhY2VzLlNlYXJjaFRleHQQAhgEIAA,aluguel de cacamba - Campinas SP
CGO Assessoria em Comércio Exterior,(19) 3802-9672,"R. Verbênias, 36 - Centro, Holambra - SP, 13825-053, Brasil",http://www.cgoassessoria.com.br/,https://maps.google.com/?cid=9560392822420684129&g_mp=Cidnb29nbGUubWFwcy5wbGFjZXMudjEuUGxhY2VzLlNlYXJjaFRleHQQAhgEIAA,aluguel de cacamba - Holambra SP
CONTAINERS INDAIATUBA E SALTO,(19) 97412-8822,"R. João Manoel Ruz Peres, 5120 - Jardim Veneza, Indaiatuba - SP, 13345-812, Brasil",http://linktr.ee/rangel_locacoes,https://maps.google.com/?cid=7763662613852272814&g_mp=Cidnb29nbGUubWFwcy5wbGFjZXMudjEuUGxhY2VzLlNlYXJjaFRleHQQAhgEIAA,aluguel de cacamba - Indaiatuba SP
CR Caçambas 3012-8837,(19) 3012-8837,"Rua Maria Izaltina Soares, 36 JD. Rosalia I - Jardim Rosalia II, Campinas - SP, 13067-735, Brasil",,https://maps.google.com/?cid=4275616983367781609&g_mp=Cidnb29nbGUubWFwcy5wbGFjZXMudjEuUGxhY2VzLlNlYXJjaFRleHQQAhgEIAA,aluguel de cacamba - Campinas SP
CR REMOÇÃO DE ENTULHOS LTDA.,(11) 5678-2702,"Rua Augusto Ferreira de Morais, 293 - Socorro, São Paulo - SP, 04763-000, Brasil",http://www.crremocao.com.br/,https://maps.google.com/?cid=8520047673708932294&g_mp=Cidnb29nbGUubWFwcy5wbGFjZXMudjEuUGxhY2VzLlNlYXJjaFRleHQQAhgEIAA,aluguel de cacamba - Sao Paulo SP
CRMJ Remoção de Entulhos,,"R. Canindé, 292 - Canindé, São Paulo - SP, 03033-000, Brasil",http://crmjremocaodeentulhos.com.br/,https://maps.google.com/?cid=12840285330670054439&g_mp=Cidnb29nbGUubWFwcy5wbGFjZXMudjEuUGxhY2VzLlNlYXJjaFRleHQQAhgEIAA,remocao de entulho - Sao Paulo SP
CTR Ambiental - Residuos,(19) 97409-7029,"SP-133, Km 14 - 5, Cosmópolis - SP, 13159-899, Brasil",http://www.ctrambiental.com/,https://maps.google.com/?cid=13652073022530166903&g_mp=Cidnb29nbGUubWFwcy5wbGFjZXMudjEuUGxhY2VzLlNlYXJjaFRleHQQAhgEIAA,aluguel de cacamba - Cosmopolis SP
Cacambas RmmR,(11) 97849-0168,"R. Clodomiro Amazonas, 1435 - Vila Nova Conceição, São Paulo - SP, 04537-012, Brasil",http://www.cacambasdica.com.br/,https://maps.google.com/?cid=5025034427972033562&g_mp=Cidnb29nbGUubWFwcy5wbGFjZXMudjEuUGxhY2VzLlNlYXJjaFRleHQQAhgEIAA,coleta de entulho - Sao Paulo SP
Cacareco Remoção de Entulhos,(11) 4451-2326,"R. Giovanna Pappacena, 133 - Vila Mazzei, Santo André - SP, 09172-490, Brasil",http://www.diskcacareco.com.br/,https://maps.google.com/?cid=18020085299572184739&g_mp=Cidnb29nbGUubWFwcy5wbGFjZXMudjEuUGxhY2VzLlNlYXJjaFRleHQQAhgEIAA,aluguel de cacamba - Santo Andre SP
Cacic-Limp Caçambas de Entulho - Campinas SP,(19) 3296-3173,"R. Alberto Rampazo - Parque Anhumas, Campinas - SP, 13088-590, Brasil",http://www.caciclimp.com.br/,https://maps.google.com/?cid=1426959943518851131&g_mp=Cidnb29nbGUubWFwcy5wbGFjZXMudjEuUGxhY2VzLlNlYXJjaFRleHQQAhgEIAA,aluguel de cacamba - Campinas SP
Caelimp - Locação de caçambas,(11) 2480-2798,"Av. da Estação, 214 - Vila Laurita, Guarulhos - SP, 07262-360, Brasil",https://www.caelimp.com.br/,https://maps.google.com/?cid=4913669147051174804&g_mp=Cidnb29nbGUubWFwcy5wbGFjZXMudjEuUGxhY2VzLlNlYXJjaFRleHQQAhgEIAA,aluguel de cacamba - Guarulhos SP
Camp Caçambas – Locação de Caçambas em Sumaré e Região,(19) 98997-9832,"R. Júlia Unti Dini, 44 - Jardim Chapadão, Campinas - SP, 13070-130, Brasil",http://www.campcacambas.com.br/,https://maps.google.com/?cid=13325178403415004487&g_mp=Cidnb29nbGUubWFwcy5wbGFjZXMudjEuUGxhY2VzLlNlYXJjaFRleHQQAhgEIAA,aluguel de cacamba - Campinas SP
Carbone - Descarte de Lixo Eletrônico,(11) 2358-2076,"Av. Gilberto Dini, 178 - Jardim Bom Clima, Guarulhos - SP, 07122-210, Brasil",https://carbonereciclo.com.br/,https://maps.google.com/?cid=1432291948312194016&g_mp=Cidnb29nbGUubWFwcy5wbGFjZXMudjEuUGxhY2VzLlNlYXJjaFRleHQQAhgEIAA,coleta de entulho - Guarulhos SP
Cardoso Remoção de Entulhos,(11) 97220-1163,"R. Alba, 899 - Casa 7 - Parque Jabaquara, São Paulo - SP, 04346-000, Brasil",https://www.cardosoretiradadeentulhos.com.br/,https://maps.google.com/?cid=3653788903634548369&g_mp=Cidnb29nbGUubWFwcy5wbGFjZXMudjEuUGxhY2VzLlNlYXJjaFRleHQQAhgEIAA,disk entulho - Sao Paulo SP
Carnaval Caçambas,(11) 98907-7596,"R. Min. Salgado Filho, 596 - Vila Libanesa, São Paulo - SP, 03193-020, Brasil",https://carnavalcacambas.wixsite.com/website,https://maps.google.com/?cid=3516421104961692531&g_mp=Cidnb29nbGUubWFwcy5wbGFjZXMudjEuUGxhY2VzLlNlYXJjaFRleHQQAhgEIAA,coleta de entulho - Sao Paulo SP
Carol Locadora de Veículos,(11) 97440-9044,"R. Pereira Cardoso, 86 - centro, Morungaba - SP, 13260-000, Brasil",https://sites.google.com/view/carollocadoravans/in%C3%ADcio,https://maps.google.com/?cid=6240593180518027566&g_mp=Cidnb29nbGUubWFwcy5wbGFjZXMudjEuUGxhY2VzLlNlYXJjaFRleHQQAhgEIAA,aluguel de cacamba - Morungaba SP
Carretos e retirada de entulho etc,(11) 94795-8452,"R. Cásper Líbero, 1122 - Paulicéia, São Bernardo do Campo - SP, 09691-300, Brasil",,https://maps.google.com/?cid=9308703824401471311&g_mp=Cidnb29nbGUubWFwcy5wbGFjZXMudjEuUGxhY2VzLlNlYXJjaFRleHQQAhgEIAA,remocao de entulho - Santo Andre SP
Casa do Construtor,(19) 99953-2069,"R. Camélias, 365 - Centro, Holambra - SP, 13825-000, Brasil",https://casadoconstrutor.com.br/pt-br/loja/542,https://maps.google.com/?cid=10134548961795249971&g_mp=Cidnb29nbGUubWFwcy5wbGFjZXMudjEuUGxhY2VzLlNlYXJjaFRleHQQAhgEIAA,aluguel de cacamba - Holambra SP
Casa do Construtor - Artur Nogueira,(19) 3827-4039,"R. XV de Novembro, 230 - Centro, Artur Nogueira - SP, 13160-054, Brasil",https://casadoconstrutor.com.br/pt-br/loja/447,https://maps.google.com/?cid=15792154027463794853&g_mp=Cidnb29nbGUubWFwcy5wbGFjZXMudjEuUGxhY2VzLlNlYXJjaFRleHQQAhgEIAA,aluguel de cacamba - Artur Nogueira SP
Casa do Construtor Cosmópolis,(19) 3872-1305,"Av. Saudade, Nº 2153 - Recanto dos Colibris, Cosmópolis - SP, 13154-060, Brasil",https://casadoconstrutor.com.br/pt-br/loja/50,https://maps.google.com/?cid=12131904846035430391&g_mp=Cidnb29nbGUubWFwcy5wbGFjZXMudjEuUGxhY2VzLlNlYXJjaFRleHQQAhgEIAA,aluguel de cacamba - Cosmopolis SP
Casa do Construtor Jaguariúna,(19) 99952-4315,"Av. Antônio Pinto Catão, 976 - Jardim Planalto, Jaguariúna - SP, 13912-510, Brasil",https://casadoconstrutor.com.br/pt-br/loja/132,https://maps.google.com/?cid=8144030383295069578&g_mp=Cidnb29nbGUubWFwcy5wbGFjZXMudjEuUGxhY2VzLlNlYXJjaFRleHQQAhgEIAA,aluguel de cacamba - Jaguariuna SP
Casa do Construtor Morungaba - Aluguel de Equipamentos,(11) 95667-8428,"R. Elvira Miano, 203 - Centro, Morungaba - SP, 13260-000, Brasil",https://www.casadoconstrutor.com.br/loja/morungaba/,https://maps.google.com/?cid=2889303195149115310&g_mp=Cidnb29nbGUubWFwcy5wbGFjZXMudjEuUGxhY2VzLlNlYXJjaFRleHQQAhgEIAA,aluguel de cacamba - Morungaba SP
Casa do Pezão Holambra,(19) 99588-9272,"Viela Heliconias,126-A - Centro, Holambra - SP, 13825-000, Brasil",,https://maps.google.com/?cid=1294871801083614636&g_mp=Cidnb29nbGUubWFwcy5wbGFjZXMudjEuUGxhY2VzLlNlYXJjaFRleHQQAhgEIAA,aluguel de cacamba - Holambra SP
Cata Bagulho Levandoski,(11) 98974-7328,"R. Marquês Maricá - Sacomã, São Paulo - SP, 04252-000, Brasil",http://www.catabagulholevandoski.com/,https://maps.google.com/?cid=8324423670529353286&g_mp=Cidnb29nbGUubWFwcy5wbGFjZXMudjEuUGxhY2VzLlNlYXJjaFRleHQQAhgEIAA,coleta de entulho - Sao Paulo SP
Cata Bagulho e Descarte de Geladeira,(11) 99314-7140,"R. Lisboa, 50 - Utinga, Santo André - SP, 09230-030, Brasil",http://www.descartedemoveispereira.com/,https://maps.google.com/?cid=3756923373755898677&g_mp=Cidnb29nbGUubWFwcy5wbGFjZXMudjEuUGxhY2VzLlNlYXJjaFRleHQQAhgEIAA,remocao de entulho - Santo Andre SP
Cata-bagulho zona leste sp,(11) 95329-6125,"R. Paulo Ramos, 48 - Vila Popular, São Paulo - SP, 08461-200, Brasil",https://jrjr8214.comunidades.net/cata-bagulho-em-itaquera-zona-leste-sp,https://maps.google.com/?cid=10749500805167703292&g_mp=Cidnb29nbGUubWFwcy5wbGFjZXMudjEuUGxhY2VzLlNlYXJjaFRleHQQAhgEIAA,disk entulho - Sao Paulo SP
Cazé caçambas em Guarulhos SP,(11) 97987-1684,"R. Margarida Maria Barbosa, 96 - Jardim Maia, Guarulhos - SP, 07115-110, Brasil",,https://maps.google.com/?cid=5461717301604180358&g_mp=Cidnb29nbGUubWFwcy5wbGFjZXMudjEuUGxhY2VzLlNlYXJjaFRleHQQAhgEIAA,coleta de entulho - Guarulhos SP
Cazé caçambas em Itu SP,(11) 97987-1684,"Rua Benjamim Constant, 489 - Centro, Itu - SP, 13300-123, Brasil",,https://maps.google.com/?cid=15833441255995289997&g_mp=Cidnb29nbGUubWFwcy5wbGFjZXMudjEuUGxhY2VzLlNlYXJjaFRleHQQAhgEIAA,coleta de entulho - Indaiatuba SP
Cazé caçambas em Sumaré SP,(11) 97987-1684,"Praça Manoel de Vasconcelos, 414 - Centro, Sumaré - SP, 13170-025, Brasil",,https://maps.google.com/?cid=8103260302620515282&g_mp=Cidnb29nbGUubWFwcy5wbGFjZXMudjEuUGxhY2VzLlNlYXJjaFRleHQQAhgEIAA,aluguel de cacamba - Sumare SP
Cazé caçambas em São Paulo SP,(11) 97987-1684,"Rua Glicério, 585 - Liberdade, São Paulo - SP, 01514-001, Brasil",,https://maps.google.com/?cid=15499069621565675387&g_mp=Cidnb29nbGUubWFwcy5wbGFjZXMudjEuUGxhY2VzLlNlYXJjaFRleHQQAhgEIAA,coleta de entulho - Sao Paulo SP
Caçamba Campinas,,"Av. Domiciano Perini Neto, 21 - Cidade Satélite Íris, Campinas - SP, 13059-591, Brasil",,https://maps.google.com/?cid=5659013151437201588&g_mp=Cidnb29nbGUubWFwcy5wbGFjZXMudjEuUGxhY2VzLlNlYXJjaFRleHQQAhgEIAA,aluguel de cacamba - Campinas SP
Caçamba Hortolandia,,"R. Severino José da Silva, 186 - Jardim Minda, Hortolândia - SP, 13186-677, Brasil",,https://maps.google.com/?cid=13168992253764949417&g_mp=Cidnb29nbGUubWFwcy5wbGFjZXMudjEuUGxhY2VzLlNlYXJjaFRleHQQAhgEIAA,disk entulho - Hortolandia SP
Caçamba Marola - Caçamba em MORUNGABA/ITATIBA/AMPARO/PEDREIRA/TUIUTI/BRAGANÇA PAULISTA,(11) 97241-9812,"R. Clarisse Barbosa Martins Gagetti, 59 - Centro Histórico de São Paulo, Morungaba - SP, 13260-000, Brasil",,https://maps.google.com/?cid=13432210588036689112&g_mp=Cidnb29nbGUubWFwcy5wbGFjZXMudjEuUGxhY2VzLlNlYXJjaFRleHQQAhgEIAA,aluguel de cacamba - Morungaba SP
Caçamba SP Entulhos,(11) 98862-2928,"Av. Rosária, 164 - São Miguel Paulista, São Paulo - SP, 08021-070, Brasil",https://spentulhos.com.br/,https://maps.google.com/?cid=212977751079738725&g_mp=Cidnb29nbGUubWFwcy5wbGFjZXMudjEuUGxhY2VzLlNlYXJjaFRleHQQAhgEIAA,aluguel de cacamba - Sao Paulo SP
Caçamba Sumaré,(19) 99260-6874,"R. Lauzino Ramos Ferreira, 225 - Jardim Viel, Sumaré - SP, 13178-322, Brasil",http://www.cacambasumare.com.br/,https://maps.google.com/?cid=18300931599287752746&g_mp=Cidnb29nbGUubWFwcy5wbGFjZXMudjEuUGxhY2VzLlNlYXJjaFRleHQQAhgEIAA,aluguel de cacamba - Sumare SP
Caçamba Tropical - aluguel de caçamba - Sumaré- Paulinía- Hortolândia,(19) 3854-3989,"Jardim Maria Antonia (Nova Veneza), Sumaré - SP, 13178-382, Brasil",https://www.cacambastropical.com.br/,https://maps.google.com/?cid=14089711490674515992&g_mp=Cidnb29nbGUubWFwcy5wbGFjZXMudjEuUGxhY2VzLlNlYXJjaFRleHQQAhgEIAA,coleta de entulho - Campinas SP
Caçambas Alemão,(11) 99666-4273,"R. José Félix de Oliveira - Vila Santo Antonio de Carapicuiba, Cotia - SP, 06709-135, Brasil",,https://maps.google.com/?cid=17259092621142268646&g_mp=Cidnb29nbGUubWFwcy5wbGFjZXMudjEuUGxhY2VzLlNlYXJjaFRleHQQAhgEIAA,transporte de entulho - Osasco SP
Caçambas Amaral,(11) 3965-1940,"Zap (51 - 98022.8071 - Casa Verde Alta, São Paulo - SP, 02545-001, Brasil",https://cacambasamaral.com.br/,https://maps.google.com/?cid=5801369346532936017&g_mp=Cidnb29nbGUubWFwcy5wbGFjZXMudjEuUGxhY2VzLlNlYXJjaFRleHQQAhgEIAA,aluguel de cacamba - Sao Paulo SP
Caçambas Campinas,(19) 3242-7000,"R. João Rodolfo Forster, 64 - Jardim Boa Esperança, Campinas - SP, 13091-503, Brasil",,https://maps.google.com/?cid=10204398941759285251&g_mp=Cidnb29nbGUubWFwcy5wbGFjZXMudjEuUGxhY2VzLlNlYXJjaFRleHQQAhgEIAA,aluguel de cacamba - Campinas SP
Caçambas Coqueiro,(11) 96238-3442,"R. Mangaratiba, 36 - Parque Sao Miguel, Guarulhos - SP, 07260-230, Brasil",,https://maps.google.com/?cid=9726357310791984047&g_mp=Cidnb29nbGUubWFwcy5wbGFjZXMudjEuUGxhY2VzLlNlYXJjaFRleHQQAhgEIAA,transporte de entulho - Guarulhos SP
Caçambas Garça,(11) 2651-1515,"Rua Frei Mont'Alverne, 882 - Vila Aricanduva, São Paulo - SP, 03505-030, Brasil",https://www.cacambagarca.com/,https://maps.google.com/?cid=11821004585201703648&g_mp=Cidnb29nbGUubWFwcy5wbGFjZXMudjEuUGxhY2VzLlNlYXJjaFRleHQQAhgEIAA,transporte de entulho - Sao Paulo SP
Caçambas Jalmaq,(19) 98728-2826,"Zap ( 19 - 92010.3423 - Parque das Nacoes, Americana - SP, 13470-310, Brasil",,https://maps.google.com/?cid=12260418315852904455&g_mp=Cidnb29nbGUubWFwcy5wbGFjZXMudjEuUGxhY2VzLlNlYXJjaFRleHQQAhgEIAA,aluguel de cacamba - Americana SP
Caçambas Limp-Entulho,(19) 99789-7273,"R. Calil Baruque, 93 - Vila Linopolis, Santa Bárbara d'Oeste - SP, 13450-402, Brasil",http://www.cacambalimp-entulho.com.br/,https://maps.google.com/?cid=14826030982739567784&g_mp=Cidnb29nbGUubWFwcy5wbGFjZXMudjEuUGxhY2VzLlNlYXJjaFRleHQQAhgEIAA,remocao de entulho - Americana SP
Caçambas Napoli,(11) 98704-0099,"Rua Pascoal Zullino, 25 - Jardim Rosa Maria, São Paulo - SP, 05547-100, Brasil",https://cacambasnapoli.com.br/,https://maps.google.com/?cid=2377755004775603332&g_mp=Cidnb29nbGUubWFwcy5wbGFjZXMudjEuUGxhY2VzLlNlYXJjaFRleHQQAhgEIAA,aluguel de cacamba - Sao Paulo SP
Caçambas Nova Europa,(19) 97410-0564,"Av. Joaquim da Costa Camargo, 50 - Jardim Stella, Campinas - SP, 13051-404, Brasil",http://cacambasnovaeuropa.com.br/,https://maps.google.com/?cid=13526032117291550409&g_mp=Cidnb29nbGUubWFwcy5wbGFjZXMudjEuUGxhY2VzLlNlYXJjaFRleHQQAhgEIAA,aluguel de cacamba - Campinas SP
Caçambas Oliveira,(11) 94721-1060,"R. Valdemar Gomes Sobrinho, 289 - Jardim D'abril, Osasco - SP, 06033-200, Brasil","https://api.whatsapp.com/send?phone=5511947211060&text=Ol%C3%A1%20Ca%C3%A7ambas%20Oliveira,%20vi%20isso%20no%20Guia%20de%20Assinantes",https://maps.google.com/?cid=1387979797564438906&g_mp=Cidnb29nbGUubWFwcy5wbGFjZXMudjEuUGxhY2VzLlNlYXJjaFRleHQQAhgEIAA,coleta de entulho - Osasco SP
"Caçambas Pereira, Caçamba, Aluguel e locação de caçambas Barra funda, bom retiro, Perdizes, Pompéia, sumare e centro,",(11) 98502-3420,"R. Padre Luís Alves de Siqueira, 953 - Barra Funda, São Paulo - SP, 01137-040, Brasil",https://www.cacambaspereira.com.br/,https://maps.google.com/?cid=1675016795293253807&g_mp=Cidnb29nbGUubWFwcy5wbGFjZXMudjEuUGxhY2VzLlNlYXJjaFRleHQQAhgEIAA,aluguel de cacamba - Sao Paulo SP
Caçambas R&R - Campinas,(19) 3386-8581,"R. Antônio Veiga, 118 - Parque Imperador, Campinas - SP, 13097-120, Brasil",http://www.cacambasrr.com.br/,https://maps.google.com/?cid=5133812718845952573&g_mp=Cidnb29nbGUubWFwcy5wbGFjZXMudjEuUGxhY2VzLlNlYXJjaFRleHQQAhgEIAA,aluguel de cacamba - Campinas SP
Caçambas Terra Forte,(11) 96424-1000,"R. José Roberto de Camargo Toledo, 3 - 077 - Chácaras São Luís, Santana de Parnaíba - SP, 06504-150, Brasil",http://terraforte.net.br/,https://maps.google.com/?cid=17417252114928159167&g_mp=Cidnb29nbGUubWFwcy5wbGFjZXMudjEuUGxhY2VzLlNlYXJjaFRleHQQAhgEIAA,aluguel de cacamba - Holambra SP
Caçambas Toledo,(11) 97892-0424,"R. Sergipe, 188 - Nova Petrópolis, São Bernardo do Campo - SP, 09770-080, Brasil",https://w.app/ktq8sn,https://maps.google.com/?cid=637806656980344807&g_mp=Cidnb29nbGUubWFwcy5wbGFjZXMudjEuUGxhY2VzLlNlYXJjaFRleHQQAhgEIAA,aluguel de cacamba - Sao Bernardo do Campo SP
Caçambas TransUliana Entulhos,(11) 5011-0880,"R. Taquacetuba, 338 - Jardim Oriental, São Paulo - SP, 04349-210, Brasil",https://transuliana.com.br/,https://maps.google.com/?cid=7203007427244120594&g_mp=Cidnb29nbGUubWFwcy5wbGFjZXMudjEuUGxhY2VzLlNlYXJjaFRleHQQAhgEIAA,coleta de entulho - Sao Paulo SP
Caçambas Transmorato,(11) 2241-0433,"Zap (33 - 99972.7011 - Vila Constança, São Paulo - SP, 02260-030, Brasil",http://www.cacambastransmorato.com.br/,https://maps.google.com/?cid=6844555920697065956&g_mp=Cidnb29nbGUubWFwcy5wbGFjZXMudjEuUGxhY2VzLlNlYXJjaFRleHQQAhgEIAA,transporte de entulho - Sao Paulo SP
Caçambas Zé Leão,(19) 99449-9519,"R. João Barbosa, 125 - Vila Azenha, Nova Odessa - SP, 13460-000, Brasil",,https://maps.google.com/?cid=4982701496028139020&g_mp=Cidnb29nbGUubWFwcy5wbGFjZXMudjEuUGxhY2VzLlNlYXJjaFRleHQQAhgEIAA,aluguel de cacamba - Nova Odessa SP
Caçambas e Bobcat Disk Limp Entulho Santa Bárbara d`Oeste,(19) 3455-0782,"R. Virgínio Matarazzo, 355 - Res. Furlan, Santa Bárbara d'Oeste - SP, 13451-190, Brasil",,https://maps.google.com/?cid=10373267521373069237&g_mp=Cidnb29nbGUubWFwcy5wbGFjZXMudjEuUGxhY2VzLlNlYXJjaFRleHQQAhgEIAA,disk entulho - Santa Barbara dOeste SP
Caçambas estacionárias Fernandes,(11) 4458-1209,"R. Vinte e Quatro de Maio, 595 - Vila América, Santo André - SP, 09110-150, Brasil",,https://maps.google.com/?cid=6690468362548708323&g_mp=Cidnb29nbGUubWFwcy5wbGFjZXMudjEuUGxhY2VzLlNlYXJjaFRleHQQAhgEIAA,remocao de entulho - Santo Andre SP
Caçambas hortolandia e Sumaré jwa,(19) 3504-0447,"Rua Geraldo Trindade - Jardim Manchester (Nova Veneza), Sumaré - SP, 13183-091, Brasil",,https://maps.google.com/?cid=9714716329606630988&g_mp=Cidnb29nbGUubWFwcy5wbGFjZXMudjEuUGxhY2VzLlNlYXJjaFRleHQQAhgEIAA,remocao de entulho - Hortolandia SP
Central Locações,(19) 3867-1866,"R. Abele Ferrari, 242 - Jardim Planalto, Jaguariúna - SP, 13820-000, Brasil",,https://maps.google.com/?cid=9860439835113090524&g_mp=Cidnb29nbGUubWFwcy5wbGFjZXMudjEuUGxhY2VzLlNlYXJjaFRleHQQAhgEIAA,aluguel de cacamba - Jaguariuna SP
Cepel - LOCAÇÃO DE CAÇAMBAS,(11) 2568-1527,"R. Cachoeira Escaramuça, 100 - Itaim Paulista, São Paulo - SP, 08110-780, Brasil",http://cepelcacambas.com.br/,https://maps.google.com/?cid=14823084924199559794&g_mp=Cidnb29nbGUubWFwcy5wbGFjZXMudjEuUGxhY2VzLlNlYXJjaFRleHQQAhgEIAA,aluguel de cacamba - Sao Paulo SP
Chagas reciclagem e sucatas,(19) 99625-2592,"Av. Belizário Neves, 315 - Res. Carolina, Artur Nogueira - SP, 13164-134, Brasil",,https://maps.google.com/?cid=10490053989542566107&g_mp=Cidnb29nbGUubWFwcy5wbGFjZXMudjEuUGxhY2VzLlNlYXJjaFRleHQQAhgEIAA,coleta de entulho - Artur Nogueira SP
Chamo Chegou Entulho Ensacados,(11) 94944-9661,"R. Peixoto Werneck, 703b - Artur Alvim, São Paulo - SP, 03563-120, Brasil",,https://maps.google.com/?cid=10181185398040842910&g_mp=Cidnb29nbGUubWFwcy5wbGFjZXMudjEuUGxhY2VzLlNlYXJjaFRleHQQAhgEIAA,aluguel de cacamba - Sao Paulo SP
Chele e Caçamba,(19) 3936-3612,"R. Anhangabaú, 377 - Jardim Paulista I, Indaiatuba - SP, 13349-772, Brasil",,https://maps.google.com/?cid=18439470366907225561&g_mp=Cidnb29nbGUubWFwcy5wbGFjZXMudjEuUGxhY2VzLlNlYXJjaFRleHQQAhgEIAA,aluguel de cacamba - Indaiatuba SP
Cidade Limpa,(19) 3834-2662,"R. José Bernardinetti, 236 - Jardim Recanto do Valle, Indaiatuba - SP, 13345-670, Brasil",,https://maps.google.com/?cid=3680322514181632623&g_mp=Cidnb29nbGUubWFwcy5wbGFjZXMudjEuUGxhY2VzLlNlYXJjaFRleHQQAhgEIAA,aluguel de cacamba - Indaiatuba SP
Colepav Ambiental,(19) 3787-4800,"Av. Br Smith de Vasconcelos, 850 - Distrito Industrial, Campinas - SP, 13055-730, Brasil",http://www.colepav.com.br/,https://maps.google.com/?cid=370583645142932757&g_mp=Cidnb29nbGUubWFwcy5wbGFjZXMudjEuUGxhY2VzLlNlYXJjaFRleHQQAhgEIAA,coleta de entulho - Campinas SP
Coleta Sp Brasil,(11) 5192-7605,"1094 - Vila Liviero, São Paulo - SP, 04186-100, Brasil",,https://maps.google.com/?cid=1500855703885860466&g_mp=Cidnb29nbGUubWFwcy5wbGFjZXMudjEuUGxhY2VzLlNlYXJjaFRleHQQAhgEIAA,coleta de entulho - Sao Paulo SP
Coleta de Lixo Industrial em São Paulo - Ecolife Ambiental,(11) 94731-5071,"R. José Versolato, 111 - Centro, São Bernardo do Campo - SP, 09751-020, Brasil",http://ecolifeambiental.eco.br/,https://maps.google.com/?cid=10809369765183646857&g_mp=Cidnb29nbGUubWFwcy5wbGFjZXMudjEuUGxhY2VzLlNlYXJjaFRleHQQAhgEIAA,coleta de entulho - Sao Paulo SP
Coleta de moveis velhos e entulhos Speedfrete,(11) 96245-6053,"Av. Parada Pinto, 1749 - Vila Nova Cachoeirinha, São Paulo - SP, 02611-090, Brasil",http://www.speedfrete.com.br/,https://maps.google.com/?cid=5858193233882891743&g_mp=Cidnb29nbGUubWFwcy5wbGFjZXMudjEuUGxhY2VzLlNlYXJjaFRleHQQAhgEIAA,coleta de entulho - Sao Paulo SP
Coletas de móveis,(11) 3884-5212,"R. Sílvia, 86 - Bela Vista, São Paulo - SP, 01331-010, Brasil",,https://maps.google.com/?cid=8369813257703588159&g_mp=Cidnb29nbGUubWFwcy5wbGFjZXMudjEuUGxhY2VzLlNlYXJjaFRleHQQAhgEIAA,coleta de entulho - Sao Paulo SP
Colhetudo,(19) 2513-5159,"R. Antônio Maurício Ladeira, 98 - Sala 3 - Jardim Conceição, Campinas - SP, 13091-070, Brasil",http://www.colhetudo.com.br/,https://maps.google.com/?cid=13183314282455328594&g_mp=Cidnb29nbGUubWFwcy5wbGFjZXMudjEuUGxhY2VzLlNlYXJjaFRleHQQAhgEIAA,aluguel de cacamba - Campinas SP
Comece caçambas locaçao caçambas aluguel caçambas caçamba estacionaria,(19) 97405-4935,"R. Manoel Maroti Cabral - Jardim New York, Campinas - SP, 13101-018, Brasil",http://www.facebook.com/comececacambas,https://maps.google.com/?cid=6370529040079299367&g_mp=Cidnb29nbGUubWFwcy5wbGFjZXMudjEuUGxhY2VzLlNlYXJjaFRleHQQAhgEIAA,aluguel de cacamba - Campinas SP
Comércio de sacos para entulhos,(77) 98127-2555,"R. Célio dos Santos - Jardim São Jorge, Hortolândia - SP, 13184-690, Brasil",,https://maps.google.com/?cid=8528761176338356307&g_mp=Cidnb29nbGUubWFwcy5wbGFjZXMudjEuUGxhY2VzLlNlYXJjaFRleHQQAhgEIAA,disk entulho - Hortolandia SP
Conecte Imóvel,(19) 99668-1154,"R. Bromélias, 187 - Centro, Holambra - SP, 13825-055, Brasil",https://www.conecteimovel.com.br/,https://maps.google.com/?cid=13516634143784948973&g_mp=Cidnb29nbGUubWFwcy5wbGFjZXMudjEuUGxhY2VzLlNlYXJjaFRleHQQAhgEIAA,aluguel de cacamba - Holambra SP
Construmarco Pisos & Porcelanatos,(19) 99766-1358,"Av. Primulas, 1066 - Girassóis de Holanda, Holambra - SP, 13825-000, Brasil",,https://maps.google.com/?cid=374540945222277716&g_mp=Cidnb29nbGUubWFwcy5wbGFjZXMudjEuUGxhY2VzLlNlYXJjaFRleHQQAhgEIAA,aluguel de cacamba - Holambra SP
Consórcio Horto Ambiental,(19) 3809-4580,"109, - R. Beladona, 51 - Jardim Boa Vista, Hortolândia - SP, 13187-045, Brasil",,https://maps.google.com/?cid=4249063406269627863&g_mp=Cidnb29nbGUubWFwcy5wbGFjZXMudjEuUGxhY2VzLlNlYXJjaFRleHQQAhgEIAA,coleta de entulho - Hortolandia SP
Consórcio Limpa Guarulhos,(11) 2468-7218,"Av. Lauro de Gusmão Silveira - Jardim Sao Geraldo, Guarulhos - SP, 07140-010, Brasil",https://www.mblimpezaurbana.com.br/,https://maps.google.com/?cid=6747683728513028955&g_mp=Cidnb29nbGUubWFwcy5wbGFjZXMudjEuUGxhY2VzLlNlYXJjaFRleHQQAhgEIAA,coleta de entulho - Guarulhos SP
Consórcio São Bernardo Soluções,(11) 4368-7008,"Av. Piraporinha, 166 - Planalto, São Bernardo do Campo - SP, 09891-000, Brasil",https://sbclimpeza.com.br/,https://maps.google.com/?cid=12893633098252026280&g_mp=Cidnb29nbGUubWFwcy5wbGFjZXMudjEuUGxhY2VzLlNlYXJjaFRleHQQAhgEIAA,coleta de entulho - Sao Bernardo do Campo SP
Cooperlínia Ambiental do Brasil - Cooperativa de Profissionais da Área de Reciclagem do Brasil,(19) 99885-3775,"Av. Orlando Vedovello , s/nr - Antiga Estrada Municipal PLN-190, s/nr - KM 1,5 - Parque da Represa, Paulínia - SP, 13140-610, Brasil",http://www.cooperlinia.coop.br/,https://maps.google.com/?cid=10623787807007425382&g_mp=Cidnb29nbGUubWFwcy5wbGFjZXMudjEuUGxhY2VzLlNlYXJjaFRleHQQAhgEIAA,coleta de entulho - Paulinia SP
Corpus Saneamento e Obras Ltda,(19) 3825-3355,"R. Ouro, 140 - Recreio Campestre Jóia, Indaiatuba - SP, 13346-630, Brasil",http://www.corpus.com.br/,https://maps.google.com/?cid=17023150091107080015&g_mp=Cidnb29nbGUubWFwcy5wbGFjZXMudjEuUGxhY2VzLlNlYXJjaFRleHQQAhgEIAA,coleta de entulho - Indaiatuba SP
Cosmoloc Locação de equipamentos da Construção Civil e Serviços,(19) 3800-4787,"R. Baronesa Geraldo de Rezende, 662 - Centro, Cosmópolis - SP, 13150-031, Brasil",,https://maps.google.com/?cid=7837728398302947284&g_mp=Cidnb29nbGUubWFwcy5wbGFjZXMudjEuUGxhY2VzLlNlYXJjaFRleHQQAhgEIAA,aluguel de cacamba - Cosmopolis SP
Cremasco Soluções em Transportes,(11) 92639-3885,"R. Bernardino de Aguiar - Sacomã, São Paulo - SP, 04181-060, Brasil",,https://maps.google.com/?cid=17451652783217515956&g_mp=Cidnb29nbGUubWFwcy5wbGFjZXMudjEuUGxhY2VzLlNlYXJjaFRleHQQAhgEIAA,transporte de entulho - Sao Paulo SP
Crivellaro Ambiental,(19) 3871-3080,"Rua Aristides Crivellaro - R. Morro das Pedras, 580, Valinhos - SP, 13279-813, Brasil",http://www.crivellaro.com.br/,https://maps.google.com/?cid=2654870568245738852&g_mp=Cidnb29nbGUubWFwcy5wbGFjZXMudjEuUGxhY2VzLlNlYXJjaFRleHQQAhgEIAA,remocao de entulho - Valinhos SP
Célio Caçambas,(19) 3473-1997,"R. José Franco - Jardim das Orquideas, Santa Bárbara d'Oeste - SP, 13453-758, Brasil",,https://maps.google.com/?cid=15838970315651884825&g_mp=Cidnb29nbGUubWFwcy5wbGFjZXMudjEuUGxhY2VzLlNlYXJjaFRleHQQAhgEIAA,coleta de entulho - Americana SP
D.Lion Caçambas,(19) 97409-0267,"R. Rio Claro, 851 - Parque Novo Mundo, Americana - SP, 13467-490, Brasil",,https://maps.google.com/?cid=8360789876612035138&g_mp=Cidnb29nbGUubWFwcy5wbGFjZXMudjEuUGxhY2VzLlNlYXJjaFRleHQQAhgEIAA,aluguel de cacamba - Americana SP
DAKAR CAÇAMBAS,(19) 99959-1557,"R. dos Tocaúnas - Vila Miguel Vicente Cury, Campinas - SP, 13081-590, Brasil",,https://maps.google.com/?cid=6639718811471092037&g_mp=Cidnb29nbGUubWFwcy5wbGFjZXMudjEuUGxhY2VzLlNlYXJjaFRleHQQAhgEIAA,coleta de entulho - Campinas SP
DANIEL CAÇAMBA E CONTAINER INDAIATUBA,(19) 97412-8822,"R. Salvio Antonio Martins, 111 - Europark Comercial, Indaiatuba - SP, 13348-753, Brasil",http://www.danielcacambaecontainer.com.br/,https://maps.google.com/?cid=12138865345991541860&g_mp=Cidnb29nbGUubWFwcy5wbGFjZXMudjEuUGxhY2VzLlNlYXJjaFRleHQQAhgEIAA,aluguel de cacamba - Indaiatuba SP
DCJ Caçambas - Locação de Caçambas em Indaiatuba,(19) 3875-6262,"Alameda Ignácio Amstalden, 741 - Helvétia, Indaiatuba - SP, 13337-304, Brasil",https://dcjcacambas.com.br/,https://maps.google.com/?cid=10066699831424982522&g_mp=Cidnb29nbGUubWFwcy5wbGFjZXMudjEuUGxhY2VzLlNlYXJjaFRleHQQAhgEIAA,aluguel de cacamba - Indaiatuba SP
DESENTULHA EXPRESS,(11) 97874-7000,"Av. José Boava, 321 - Sta Cruz, Itatiba - SP, 13251-541, Brasil",https://www.instagram.com/desentulhaexpress?igsh=eno0cHh0dHA4M2lw,https://maps.google.com/?cid=17934356583989279396&g_mp=Cidnb29nbGUubWFwcy5wbGFjZXMudjEuUGxhY2VzLlNlYXJjaFRleHQQAhgEIAA,disk entulho - Itatiba SP
DISK ALUGUEL DE CAÇAMBAS - CAÇAMBAS DE ENTULHO / Ipiranga/Sacomã / Vila Prudente / Móoca / Saúde,(11) 99744-5730,"Rua Giovanni Bracelli, 90 - Jardim Santa Emilia, São Paulo - SP, 04184-060, Brasil",,https://maps.google.com/?cid=7354439106843524406&g_mp=Cidnb29nbGUubWFwcy5wbGFjZXMudjEuUGxhY2VzLlNlYXJjaFRleHQQAhgEIAA,aluguel de cacamba - Sao Paulo SP
DISK ENTULHO - BISSOLI LOCAÇÕES.,(19) 99758-6989,"R. Salim Elías, 179 - Jardim Brasil, Americana - SP, 13474-100, Brasil",http://www.bissolilocacoes.com.br/,https://maps.google.com/?cid=2055392435723561669&g_mp=Cidnb29nbGUubWFwcy5wbGFjZXMudjEuUGxhY2VzLlNlYXJjaFRleHQQAhgEIAA,aluguel de cacamba - Americana SP
"DM Soluções- fretes, carretos, retirada de entulho e poda, descarte ecoponto.",(11) 97509-6754,"R Val de Palmas - Vila Santa Clara, São Paulo - SP, 03161-080, Brasil",,https://maps.google.com/?cid=12027099874068983716&g_mp=Cidnb29nbGUubWFwcy5wbGFjZXMudjEuUGxhY2VzLlNlYXJjaFRleHQQAhgEIAA,remocao de entulho - Sao Paulo SP
DUDA CAÇAMBAS,(11) 2401-3163,"Rua Jamil João Zarif, 330 - casa 1 - Jardim Santa Vicencia, Guarulhos - SP, 07143-000, Brasil",http://www.dudacaçambas.com/,https://maps.google.com/?cid=5558631510053322859&g_mp=Cidnb29nbGUubWFwcy5wbGFjZXMudjEuUGxhY2VzLlNlYXJjaFRleHQQAhgEIAA,disk entulho - Guarulhos SP
Damaceo Retirada de Móveis,(11) 98860-4455,"Av. Cruzeiro do Sul, 427 - Luz, São Paulo - SP, 01109-000, Brasil",https://www.damaceoentulhos.com/,https://maps.google.com/?cid=4319372719614609634&g_mp=Cidnb29nbGUubWFwcy5wbGFjZXMudjEuUGxhY2VzLlNlYXJjaFRleHQQAhgEIAA,coleta de entulho - Sao Paulo SP
De Paula Cacambas,,"Estr. da Rhodia - Barão Geraldo, Campinas - SP, Brasil",,https://maps.google.com/?cid=9434739843936648676&g_mp=Cidnb29nbGUubWFwcy5wbGFjZXMudjEuUGxhY2VzLlNlYXJjaFRleHQQAhgEIAA,coleta de entulho - Campinas SP
Demolidora Opção Em Osasco,(11) 3699-4753,"Avenida Padre Vicente Melillo, 565 Jardim Umuarama-Osasco Av Prestes Maia,60 Jardim Abril - Umuarama, Osasco - SP, 06036-010, Brasil",http://www.demolidoraopcao.com.br/,https://maps.google.com/?cid=4821046313315152602&g_mp=Cidnb29nbGUubWFwcy5wbGFjZXMudjEuUGxhY2VzLlNlYXJjaFRleHQQAhgEIAA,remocao de entulho - Osasco SP
Descarte Entulho Ongaro,,"R. Rio Paraguai, 1 - Parque Orestes Ongaro, Hortolândia - SP, 13186-473, Brasil",,https://maps.google.com/?cid=14881172368573847270&g_mp=Cidnb29nbGUubWFwcy5wbGFjZXMudjEuUGxhY2VzLlNlYXJjaFRleHQQAhgEIAA,disk entulho - Hortolandia SP
Dex Terra Aluguel de Caçambas Para Remoção de Entulhos,(11) 2276-1995,"Rua Pero Neto, 398 - Vila da Saúde, São Paulo - SP, 04053-000, Brasil",https://www.dexterracacambas.com.br/,https://maps.google.com/?cid=9304632953180299256&g_mp=Cidnb29nbGUubWFwcy5wbGFjZXMudjEuUGxhY2VzLlNlYXJjaFRleHQQAhgEIAA,remocao de entulho - Sao Paulo SP
Dh Remoção de Entulho - Caçambas,(11) 2241-2410,"R. Abílio Pedro Ramos, 835 Fundos - Vila Nilo, São Paulo - SP, 02279-000, Brasil",http://www.dhentulho.com.br/,https://maps.google.com/?cid=6149567110729628710&g_mp=Cidnb29nbGUubWFwcy5wbGFjZXMudjEuUGxhY2VzLlNlYXJjaFRleHQQAhgEIAA,coleta de entulho - Sao Paulo SP
Dibase Ambiental Reciclagem Ltda,(19) 99760-0123,"Estrada Teodora Condiev, KM 2,6 Chácaras - Chácara Recreio Alvorada, Hortolândia - SP, 13183-770, Brasil",http://www.dibaseambiental.com.br/,https://maps.google.com/?cid=11809494770086128413&g_mp=Cidnb29nbGUubWFwcy5wbGFjZXMudjEuUGxhY2VzLlNlYXJjaFRleHQQAhgEIAA,disk entulho - Hortolandia SP
Dica Caçambas - São Paulo,(11) 94082-9093,"Av. Santa Catarina, 1876 - Sl 15 - Vila Mascote, São Paulo - SP, 04378-100, Brasil",https://www.dicacacambas.com.br/,https://maps.google.com/?cid=15472565500049915623&g_mp=Cidnb29nbGUubWFwcy5wbGFjZXMudjEuUGxhY2VzLlNlYXJjaFRleHQQAhgEIAA,aluguel de cacamba - Sao Paulo SP
Disk Caçambas,(19) 99381-2690,"Mic. Pq. empresas - R. Euclides Peres, 164 - Dimpe 2 - Distrito industrial, Indaiatuba - SP, 13347-452, Brasil",,https://maps.google.com/?cid=6898096801758340996&g_mp=Cidnb29nbGUubWFwcy5wbGFjZXMudjEuUGxhY2VzLlNlYXJjaFRleHQQAhgEIAA,disk entulho - Indaiatuba SP
Disk Entulho Benicio,(19) 99423-3500,"R. Oito, 615 - Chácaras Cruzeiro do Sul, Campinas - SP, 13058-757, Brasil",https://www.diskentulhobenicio.com.br/,https://maps.google.com/?cid=10856148893599840965&g_mp=Cidnb29nbGUubWFwcy5wbGFjZXMudjEuUGxhY2VzLlNlYXJjaFRleHQQAhgEIAA,aluguel de cacamba - Campinas SP
Disk Entulho Colibri,(19) 3872-2710,"Av. Saudade, 2301 - Recanto das Laranjeiras, Cosmópolis - SP, 13150-000, Brasil",,https://maps.google.com/?cid=3541266298100826987&g_mp=Cidnb29nbGUubWFwcy5wbGFjZXMudjEuUGxhY2VzLlNlYXJjaFRleHQQAhgEIAA,aluguel de cacamba - Cosmopolis SP
Disk Entulho Colibri,,"Av. Saudade, 2309 - Parque das Laranjeiras, Cosmópolis - SP, 13150-000, Brasil",,https://maps.google.com/?cid=15171528620390062861&g_mp=Cidnb29nbGUubWFwcy5wbGFjZXMudjEuUGxhY2VzLlNlYXJjaFRleHQQAhgEIAA,aluguel de cacamba - Cosmopolis SP
Disk Entulho Farias | Aluguel de Caçambas | Coleta de Entulhos,4475-9210,"Av. das Nações, 341 - Parque Novo Oratório, Santo André - SP, 09260-000, Brasil",https://diskentulhofarias.com.br/,https://maps.google.com/?cid=17591001297534176778&g_mp=Cidnb29nbGUubWFwcy5wbGFjZXMudjEuUGxhY2VzLlNlYXJjaFRleHQQAhgEIAA,aluguel de cacamba - Santo Andre SP
Disk Entulho Jaguariúna - Transcoradi,(19) 3867-2535,"R. Maranhão, 1538, Jaguariúna - SP, 13912-182, Brasil",,https://maps.google.com/?cid=1308286064533422528&g_mp=Cidnb29nbGUubWFwcy5wbGFjZXMudjEuUGxhY2VzLlNlYXJjaFRleHQQAhgEIAA,aluguel de cacamba - Jaguariuna SP
Disk Entulho Santana-Tatuapé,(11) 94765-9198,"R. Nova Jerusalém - Chácara Santo Antônio (Zona Leste), São Paulo - SP, 03312-052, Brasil",http://santana-disk-entulho.webnode.page/,https://maps.google.com/?cid=18077596781337041731&g_mp=Cidnb29nbGUubWFwcy5wbGFjZXMudjEuUGxhY2VzLlNlYXJjaFRleHQQAhgEIAA,disk entulho - Sao Paulo SP
Disk Entulhos Barbim,(19) 3893-3289,"R. Antônio J Cardoso, 100, Pedreira - SP, 13920-000, Brasil",,https://maps.google.com/?cid=2448874376600154266&g_mp=Cidnb29nbGUubWFwcy5wbGFjZXMudjEuUGxhY2VzLlNlYXJjaFRleHQQAhgEIAA,aluguel de cacamba - Pedreira SP
Disk Limpeza Caçambas,(19) 98881-2392,"R. Crisolita, 465 - Recreio Campestre Jóia, Indaiatuba - SP, 13347-060, Brasil",https://disklimpezaindaiatuba.com.br/,https://maps.google.com/?cid=4845182462597642883&g_mp=Cidnb29nbGUubWFwcy5wbGFjZXMudjEuUGxhY2VzLlNlYXJjaFRleHQQAhgEIAA,aluguel de cacamba - Indaiatuba SP
Disk caçamba zona norte sp,(11) 2204-3035,"Rua Manuel Gaya, 1113 - Vila Nova Mazzei, São Paulo - SP, 02313-000, Brasil",http://www.cacambaszonanortesp.com.br/,https://maps.google.com/?cid=3170205601671733497&g_mp=Cidnb29nbGUubWFwcy5wbGFjZXMudjEuUGxhY2VzLlNlYXJjaFRleHQQAhgEIAA,aluguel de cacamba - Sao Paulo SP
Disk limp,(11) 94675-0762,"R. Vasco Brancaleoni, 233 - Parque Maraba, Guarulhos - SP, 07050-310, Brasil",http://pedrinhodisklimp.com/,https://maps.google.com/?cid=17649737803070417335&g_mp=Cidnb29nbGUubWFwcy5wbGFjZXMudjEuUGxhY2VzLlNlYXJjaFRleHQQAhgEIAA,disk entulho - Guarulhos SP
Disk tabor campinas,(19) 99235-8546,"R. Juréia, 82 - Jardim Santa Lúcia, Campinas - SP, 13060-494, Brasil",https://wa.me//5519992358546,https://maps.google.com/?cid=13913189874194379859&g_mp=Cidnb29nbGUubWFwcy5wbGFjZXMudjEuUGxhY2VzLlNlYXJjaFRleHQQAhgEIAA,disk entulho - Campinas SP
Disk-serv Locação de Equipamentos para Construção Civil - Caminhão Guincho,(19) 3875-3818,"R. Algemiro Coraine Júnior, 150 - Jardim California, Indaiatuba - SP, 13344-325, Brasil",,https://maps.google.com/?cid=9591267211572727571&g_mp=Cidnb29nbGUubWFwcy5wbGFjZXMudjEuUGxhY2VzLlNlYXJjaFRleHQQAhgEIAA,aluguel de cacamba - Indaiatuba SP
Disque Entulho,(19) 3455-2115,"R. Nazareno Voltaine, 242 - Jardim Conceicao, Santa Bárbara d'Oeste - SP, 13450-100, Brasil",,https://maps.google.com/?cid=11014269092237613835&g_mp=Cidnb29nbGUubWFwcy5wbGFjZXMudjEuUGxhY2VzLlNlYXJjaFRleHQQAhgEIAA,coleta de entulho - Santa Barbara dOeste SP
Dunga caçamba,(19) 99607-0944,"R. Dr. José Carlos de Paula - Chácaras São Bento, Valinhos - SP, 13278-062, Brasil",,https://maps.google.com/?cid=3301678709121923336&g_mp=Cidnb29nbGUubWFwcy5wbGFjZXMudjEuUGxhY2VzLlNlYXJjaFRleHQQAhgEIAA,coleta de entulho - Valinhos SP
E.L.T CAÇAMBAS,,"R. Tico-Tico, 89 - Ayrosa, Osasco - SP, 06283-060, Brasil",,https://maps.google.com/?cid=8067966952253883505&g_mp=Cidnb29nbGUubWFwcy5wbGFjZXMudjEuUGxhY2VzLlNlYXJjaFRleHQQAhgEIAA,remocao de entulho - Osasco SP
ECO PONTO - CIDADE DAS FLORES,,"Av. Ipê, 527 - Cidade das Flores, Osasco - SP, 06184-170, Brasil",,https://maps.google.com/?cid=697598050324168971&g_mp=Cidnb29nbGUubWFwcy5wbGFjZXMudjEuUGxhY2VzLlNlYXJjaFRleHQQAhgEIAA,coleta de entulho - Osasco SP
ECOPONTO BANDEIRAS,,"R. João Guimarães Rosa - Bandeiras, Osasco - SP, 06160-040, Brasil",,https://maps.google.com/?cid=16774647302622257608&g_mp=Cidnb29nbGUubWFwcy5wbGFjZXMudjEuUGxhY2VzLlNlYXJjaFRleHQQAhgEIAA,coleta de entulho - Osasco SP
ECOPONTO BOM CLIMA,,"Av. João Bernardo Medeiros, 800 - Jardim Bom Clima, Guarulhos - SP, 07197-010, Brasil",,https://maps.google.com/?cid=10659142334027241421&g_mp=Cidnb29nbGUubWFwcy5wbGFjZXMudjEuUGxhY2VzLlNlYXJjaFRleHQQAhgEIAA,coleta de entulho - Guarulhos SP
ECOPONTO BONDANÇA,,"R. Ivan Edmundo Scarameli, 62 - São João, Guarulhos - SP, 07162-540, Brasil",https://www.guarulhos.sp.gov.br/ecoponto,https://maps.google.com/?cid=13416487942194226191&g_mp=Cidnb29nbGUubWFwcy5wbGFjZXMudjEuUGxhY2VzLlNlYXJjaFRleHQQAhgEIAA,coleta de entulho - Guarulhos SP
ECOPONTO CONTINENTAL,,"R. Valdimiro Laurentino Pêssoa, 655 - Parque Continental II, Guarulhos - SP, 07084-156, Brasil",,https://maps.google.com/?cid=572999589760169936&g_mp=Cidnb29nbGUubWFwcy5wbGFjZXMudjEuUGxhY2VzLlNlYXJjaFRleHQQAhgEIAA,coleta de entulho - Guarulhos SP
ECOPONTO HAROLDO VELOSO,,"R. Campos Gerais, 177 - Cidade Serodio, Guarulhos - SP, 07155-190, Brasil",https://www.guarulhos.sp.gov.br/ecoponto,https://maps.google.com/?cid=7786181906501749220&g_mp=Cidnb29nbGUubWFwcy5wbGFjZXMudjEuUGxhY2VzLlNlYXJjaFRleHQQAhgEIAA,coleta de entulho - Guarulhos SP
ECOPONTO HELENA MARIA,,"R. Belmiro Alves da Silva, 77 - Jardim Elvira, Osasco - SP, 06253-060, Brasil",,https://maps.google.com/?cid=11741904389911460114&g_mp=Cidnb29nbGUubWFwcy5wbGFjZXMudjEuUGxhY2VzLlNlYXJjaFRleHQQAhgEIAA,coleta de entulho - Osasco SP
ECOPONTO JAGUARIBE,(11) 3682-6673,"R. Fernando Miorim Filho, 320 - Jardim São Marcos, Osasco - SP, 06050-330, Brasil",,https://maps.google.com/?cid=8838801091719503183&g_mp=Cidnb29nbGUubWFwcy5wbGFjZXMudjEuUGxhY2VzLlNlYXJjaFRleHQQAhgEIAA,coleta de entulho - Osasco SP
ECOPONTO JARDIM ADRIANA,,"R. Valter Pereira de Lima, 105 - Vila Sitio dos Morros, Guarulhos - SP, 07135-210, Brasil",,https://maps.google.com/?cid=2228852563124493424&g_mp=Cidnb29nbGUubWFwcy5wbGFjZXMudjEuUGxhY2VzLlNlYXJjaFRleHQQAhgEIAA,coleta de entulho - Guarulhos SP
ECOPONTO LAVRAS,,"Av. José Brumatti, 1857 - Jardim Santo Expedito, Guarulhos - SP, 07160-170, Brasil",https://www.guarulhos.sp.gov.br/ecoponto,https://maps.google.com/?cid=13111535124705133385&g_mp=Cidnb29nbGUubWFwcy5wbGFjZXMudjEuUGxhY2VzLlNlYXJjaFRleHQQAhgEIAA,coleta de entulho - Guarulhos SP
ECOPONTO LEBLON,,"R. Araci, 188 - Jardim Leblon, Guarulhos - SP, Brasil",,https://maps.google.com/?cid=12724336617374882644&g_mp=Cidnb29nbGUubWFwcy5wbGFjZXMudjEuUGxhY2VzLlNlYXJjaFRleHQQAhgEIAA,coleta de entulho - Guarulhos SP
ECOPONTO PRESIDENTE DUTRA,,"Av. João Bassi, 707 - Jardim Pres. Dutra, Guarulhos - SP, 07171-137, Brasil",https://www.guarulhos.sp.gov.br/ecoponto,https://maps.google.com/?cid=15929334965725936374&g_mp=Cidnb29nbGUubWFwcy5wbGFjZXMudjEuUGxhY2VzLlNlYXJjaFRleHQQAhgEIAA,coleta de entulho - Guarulhos SP
ECOPONTO VILA RIO,,"Av. Benjamin Harris Hunicutt, 1509 - Portal dos Gramados, Guarulhos - SP, 07124-000, Brasil",,https://maps.google.com/?cid=11972985401142956601&g_mp=Cidnb29nbGUubWFwcy5wbGFjZXMudjEuUGxhY2VzLlNlYXJjaFRleHQQAhgEIAA,coleta de entulho - Guarulhos SP
ECOTRANS AMBIENTAL SISTEMA DE COLETA E DESTINAÇÃO DE RESÍDUOS LTDA,(11) 3438-7888,"R. Horácio Vergueiro Rudge, 157 - Casa Verde, São Paulo - SP, 02512-060, Brasil",https://www.ecotransambiental.com.br/,https://maps.google.com/?cid=13845090988592934762&g_mp=Cidnb29nbGUubWFwcy5wbGFjZXMudjEuUGxhY2VzLlNlYXJjaFRleHQQAhgEIAA,coleta de entulho - Sao Paulo SP
ERS Locações de Ferramentas,(19) 97403-1391,"R. Walravens, 375 - Imigrantes, Holambra - SP, 13825-000, Brasil",http://www.erslocacoes.com.br/,https://maps.google.com/?cid=15129052544483573762&g_mp=Cidnb29nbGUubWFwcy5wbGFjZXMudjEuUGxhY2VzLlNlYXJjaFRleHQQAhgEIAA,aluguel de cacamba - Holambra SP
ESTEREIDI CAÇAMBA,(19) 98429-3399,"Estr. Mun. Sabrina Batista de Camargo, 195 - Parque dos Pinheiros, Hortolândia - SP, 13185-185, Brasil",https://estereidipostepadrao.com.br/,https://maps.google.com/?cid=12457876125317377324&g_mp=Cidnb29nbGUubWFwcy5wbGFjZXMudjEuUGxhY2VzLlNlYXJjaFRleHQQAhgEIAA,coleta de entulho - Campinas SP
ETROS CAÇAMBAS,(19) 3869-8497,"R. Orozimbo Maia, 747 - A 1501 - Vila Sonia, Valinhos - SP, 13274-000, Brasil",,https://maps.google.com/?cid=11589034502525138686&g_mp=Cidnb29nbGUubWFwcy5wbGFjZXMudjEuUGxhY2VzLlNlYXJjaFRleHQQAhgEIAA,transporte de entulho - Campinas SP
Ebenézer remoções de entulhos,(11) 95804-4109,"R. Dilermano Réis, 150 - Res. Parque Cumbica, Guarulhos - SP, 07174-265, Brasil",,https://maps.google.com/?cid=1072496247254051984&g_mp=Cidnb29nbGUubWFwcy5wbGFjZXMudjEuUGxhY2VzLlNlYXJjaFRleHQQAhgEIAA,coleta de entulho - Guarulhos SP
Eco Terra Engenharia,(19) 3893-4598,"Av. Antonio Serafim Petean, 2879 - Cascalho, Pedreira - SP, 13920-000, Brasil",https://brlinks.com.br/empresas/eco-terra-engenharia.html,https://maps.google.com/?cid=3498350573183889704&g_mp=Cidnb29nbGUubWFwcy5wbGFjZXMudjEuUGxhY2VzLlNlYXJjaFRleHQQAhgEIAA,aluguel de cacamba - Pedreira SP
Eco ponto Areiao,(11) 94205-0247,"R. do Cruzeiro - Montanhão, São Bernardo do Campo - SP, 09792-400, Brasil",,https://maps.google.com/?cid=8973096842013577127&g_mp=Cidnb29nbGUubWFwcy5wbGFjZXMudjEuUGxhY2VzLlNlYXJjaFRleHQQAhgEIAA,coleta de entulho - Sao Bernardo do Campo SP
Eco-ces,(19) 99266-1096,"R. Milão, 630 - Jardim Res. Firenze, Hortolândia - SP, 13189-200, Brasil",http://www.eco-ces.com.br/,https://maps.google.com/?cid=8411544921610334659&g_mp=Cidnb29nbGUubWFwcy5wbGFjZXMudjEuUGxhY2VzLlNlYXJjaFRleHQQAhgEIAA,remocao de entulho - Hortolandia SP
Ecocity Caçambas,(11) 5560-1433,"Estr. do Alvarenga, 3076 - Sl 09 - Balneário São Francisco, São Paulo - SP, 04474-340, Brasil",https://ecocity.sampa.br/,https://maps.google.com/?cid=9321641691155365956&g_mp=Cidnb29nbGUubWFwcy5wbGFjZXMudjEuUGxhY2VzLlNlYXJjaFRleHQQAhgEIAA,aluguel de cacamba - Sao Paulo SP
Ecolimpar remoções e descartes de moveis velhos e entulho,(11) 91914-1003,"Rua André de Leão, 285 - Brás, São Paulo - SP, 03101-010, Brasil",https://ecolimpar.com/,https://maps.google.com/?cid=12707543998133628857&g_mp=Cidnb29nbGUubWFwcy5wbGFjZXMudjEuUGxhY2VzLlNlYXJjaFRleHQQAhgEIAA,coleta de entulho - Sao Paulo SP
Ecoponto,,"R Oratório, 892 - Bangú, Santo André - SP, 09380-240, Brasil",,https://maps.google.com/?cid=5154156892909675384&g_mp=Cidnb29nbGUubWFwcy5wbGFjZXMudjEuUGxhY2VzLlNlYXJjaFRleHQQAhgEIAA,coleta de entulho - Santo Andre SP
Ecoponto - Antonio Zanaga,,"Av. do Raion Viscose, 209 - Lot. Industrial Salto Grande I, Americana - SP, 13474-760, Brasil",http://www.americana.sp.gov.br/americanaV6_index.php?it=170&a=limpeza_publica_ecopontos,https://maps.google.com/?cid=9707658110727384983&g_mp=Cidnb29nbGUubWFwcy5wbGFjZXMudjEuUGxhY2VzLlNlYXJjaFRleHQQAhgEIAA,coleta de entulho - Americana SP
Ecoponto - Catharina Zanaga,,"Av. Carminé Feola, 1327 - Catharina Zanaga, Americana - SP, 13469-360, Brasil",http://www.americana.sp.gov.br/americanaV6_index.php?it=170&a=limpeza_publica_ecopontos,https://maps.google.com/?cid=11361622979184320247&g_mp=Cidnb29nbGUubWFwcy5wbGFjZXMudjEuUGxhY2VzLlNlYXJjaFRleHQQAhgEIAA,coleta de entulho - Americana SP
Ecoponto - Centro,,"Av. Maria Campos, 15 - Centro, Osasco - SP, 06020-012, Brasil",,https://maps.google.com/?cid=3902396046403490060&g_mp=Cidnb29nbGUubWFwcy5wbGFjZXMudjEuUGxhY2VzLlNlYXJjaFRleHQQAhgEIAA,coleta de entulho - Osasco SP
Ecoponto - Guanabara,,"R. do Castelo, 225 - Jardim Guanabara, Americana - SP, 13471-420, Brasil",https://www.americana.sp.gov.br/americana-index.php?a=limpeza-publica,https://maps.google.com/?cid=18060385171159925879&g_mp=Cidnb29nbGUubWFwcy5wbGFjZXMudjEuUGxhY2VzLlNlYXJjaFRleHQQAhgEIAA,coleta de entulho - Americana SP
Ecoponto - Jardim Olinda,,"R. Valdir Ferrari, 104 - Jardim Olinda, Indaiatuba - SP, 13335-560, Brasil",,https://maps.google.com/?cid=16974185798426923346&g_mp=Cidnb29nbGUubWFwcy5wbGFjZXMudjEuUGxhY2VzLlNlYXJjaFRleHQQAhgEIAA,coleta de entulho - Indaiatuba SP
Ecoponto - Jardim da Mata,,"R. dos Pinhais, 61 - Jardim da Mata, Americana - SP, 13476-430, Brasil",http://www.americana.sp.gov.br/americanaV6_index.php?it=170&a=limpeza_publica_ecopontos,https://maps.google.com/?cid=6823319485692237356&g_mp=Cidnb29nbGUubWFwcy5wbGFjZXMudjEuUGxhY2VzLlNlYXJjaFRleHQQAhgEIAA,coleta de entulho - Americana SP
Ecoponto - Jardim da Paz,,"R. Estevão Carlos Vicentini, 175 - Jardim da paz, Americana - SP, 13469-804, Brasil",http://www.americana.sp.gov.br/americanaV6_index.php?it=170&a=limpeza_publica_ecopontos,https://maps.google.com/?cid=696676331785662297&g_mp=Cidnb29nbGUubWFwcy5wbGFjZXMudjEuUGxhY2VzLlNlYXJjaFRleHQQAhgEIAA,coleta de entulho - Americana SP
Ecoponto - Jardim dos Lírios,,"R. das Seriemas, 550 - Vila Mathiesen, Americana - SP, 13467-310, Brasil",http://www.americana.sp.gov.br/americanaV6_index.php?it=170&a=limpeza_publica_ecopontos,https://maps.google.com/?cid=13134858732188297321&g_mp=Cidnb29nbGUubWFwcy5wbGFjZXMudjEuUGxhY2VzLlNlYXJjaFRleHQQAhgEIAA,coleta de entulho - Americana SP
Ecoponto - Nova Carioba,,"R. José Nicoleti, 110 - Parque Nova Carioba, Americana - SP, 13473-756, Brasil",http://www.americana.sp.gov.br/americanaV6_index.php?it=170&a=limpeza_publica_ecopontos,https://maps.google.com/?cid=13736605304630666362&g_mp=Cidnb29nbGUubWFwcy5wbGFjZXMudjEuUGxhY2VzLlNlYXJjaFRleHQQAhgEIAA,coleta de entulho - Americana SP
Ecoponto - Pev Cabrália,(11) 2468-7206,"R. Cabrália, 100 - Jardim Bela Vista, Guarulhos - SP, 07132-440, Brasil",https://www.guarulhos.sp.gov.br/ponto-de-entrega-volunt%c3%a1ria-pev,https://maps.google.com/?cid=11310960317323859133&g_mp=Cidnb29nbGUubWFwcy5wbGFjZXMudjEuUGxhY2VzLlNlYXJjaFRleHQQAhgEIAA,coleta de entulho - Guarulhos SP
Ecoponto - Pev Inocoop,(11) 2468-7206,"Av. Francisco Xavier Correa, 489 - Res. Parque Cumbica, Guarulhos - SP, 07174-530, Brasil",https://www.guarulhos.sp.gov.br/ponto-de-entrega-volunt%c3%a1ria-pev,https://maps.google.com/?cid=18314936775794420957&g_mp=Cidnb29nbGUubWFwcy5wbGFjZXMudjEuUGxhY2VzLlNlYXJjaFRleHQQAhgEIAA,coleta de entulho - Guarulhos SP
Ecoponto - Pev Jurema,(11) 2468-7206,"Rua Jacutinga, 470 Esquina Com - R. Guarapiranga - Jurema, Guarulhos - SP, 07244-010, Brasil",https://www.guarulhos.sp.gov.br/ecoponto,https://maps.google.com/?cid=7392775984692755693&g_mp=Cidnb29nbGUubWFwcy5wbGFjZXMudjEuUGxhY2VzLlNlYXJjaFRleHQQAhgEIAA,coleta de entulho - Guarulhos SP
Ecoponto - Pev Mikail,(11) 2468-7206,"R. Justiniano Salvador dos Santos, 269 - Parque Mikail, Guarulhos - SP, 07142-460, Brasil",https://www.guarulhos.sp.gov.br/ecoponto,https://maps.google.com/?cid=747171825392684628&g_mp=Cidnb29nbGUubWFwcy5wbGFjZXMudjEuUGxhY2VzLlNlYXJjaFRleHQQAhgEIAA,coleta de entulho - Guarulhos SP
Ecoponto - Pev Paraventi (Ponto de Entrega Voluntária),(11) 2468-7260,"R. Apolônia Viêira de Jesus, 91 - Jardim Leila, Guarulhos - SP, 07120-060, Brasil",https://guarulhos.sp.gov.br/,https://maps.google.com/?cid=13920780589016857036&g_mp=Cidnb29nbGUubWFwcy5wbGFjZXMudjEuUGxhY2VzLlNlYXJjaFRleHQQAhgEIAA,coleta de entulho - Guarulhos SP
Ecoponto - Pev Pimentas,(11) 2468-7206,"R. Itália, 13 - Parque das Nacoes, Guarulhos - SP, 07243-313, Brasil",https://www.guarulhos.sp.gov.br/ecoponto,https://maps.google.com/?cid=13235598967332293344&g_mp=Cidnb29nbGUubWFwcy5wbGFjZXMudjEuUGxhY2VzLlNlYXJjaFRleHQQAhgEIAA,coleta de entulho - Guarulhos SP
Ecoponto - Pev Ponte Alta (Ponto de Entrega Voluntária),(11) 2468-7206,"R. Zeferino Alves de Oliveira, 530 - Jardim Pte. Alta I, Guarulhos - SP, 07179-260, Brasil",https://www.guarulhos.sp.gov.br/ponto-de-entrega-volunt%C3%A1ria-pev,https://maps.google.com/?cid=3081659787742070757&g_mp=Cidnb29nbGUubWFwcy5wbGFjZXMudjEuUGxhY2VzLlNlYXJjaFRleHQQAhgEIAA,coleta de entulho - Guarulhos SP
Ecoponto - Pev Torres Tibagy,(11) 2468-7206,"R. Ouvidor, 337 - Parque Santo Antonio, Guarulhos - SP, 07062-173, Brasil",,https://maps.google.com/?cid=9263166871984537642&g_mp=Cidnb29nbGUubWFwcy5wbGFjZXMudjEuUGxhY2VzLlNlYXJjaFRleHQQAhgEIAA,remocao de entulho - Guarulhos SP
Ecoponto - Pev Vila Barros,(11) 2468-7206,"R. Guilherme Lino dos Santos, 349 - Jardim Flor do Campo, Guarulhos - SP, 07190-010, Brasil",https://www.guarulhos.sp.gov.br/ponto-de-entrega-volunt%c3%a1ria-pev,https://maps.google.com/?cid=3588387078991100636&g_mp=Cidnb29nbGUubWFwcy5wbGFjZXMudjEuUGxhY2VzLlNlYXJjaFRleHQQAhgEIAA,coleta de entulho - Guarulhos SP
Ecoponto 02 - Quintal,,"R. Antônio Cremasco, 165 - Samambaia, Valinhos - SP, 13274-465, Brasil",,https://maps.google.com/?cid=5203762085989973269&g_mp=Cidnb29nbGUubWFwcy5wbGFjZXMudjEuUGxhY2VzLlNlYXJjaFRleHQQAhgEIAA,disk entulho - Valinhos SP
Ecoponto Adalgisa,,"Rua Octávio Catelani, s/n - Adalgisa, Osasco - SP, 06030-230, Brasil",,https://maps.google.com/?cid=10436866899516186748&g_mp=Cidnb29nbGUubWFwcy5wbGFjZXMudjEuUGxhY2VzLlNlYXJjaFRleHQQAhgEIAA,coleta de entulho - Osasco SP
Ecoponto Baronesa,,"R. Duke Ellington, 360 - Baronesa, Osasco - SP, 02675-031, Brasil",https://osasco.sp.gov.br/programas-e-acoes/#ecopontos,https://maps.google.com/?cid=16319151496462301504&g_mp=Cidnb29nbGUubWFwcy5wbGFjZXMudjEuUGxhY2VzLlNlYXJjaFRleHQQAhgEIAA,transporte de entulho - Osasco SP
Ecoponto Barão Geraldo,,"Av. Santa Isabel, 2300 - Barão Geraldo, Campinas - SP, 13084-012, Brasil",https://www.gov.br/pt-br/servicos/acessar-o-cras-centro-de-referencia-da-assistencia-social,https://maps.google.com/?cid=17005461563418070309&g_mp=Cidnb29nbGUubWFwcy5wbGFjZXMudjEuUGxhY2VzLlNlYXJjaFRleHQQAhgEIAA,coleta de entulho - Campinas SP
Ecoponto Bela Vista,,"R. Quatorze de Julho, 59 - Bela Vista, São Paulo - SP, 01324-020, Brasil",https://sustentaresp.com.br/,https://maps.google.com/?cid=11624295333197353275&g_mp=Cidnb29nbGUubWFwcy5wbGFjZXMudjEuUGxhY2VzLlNlYXJjaFRleHQQAhgEIAA,remocao de entulho - Sao Paulo SP
Ecoponto Bresser,,"Praça Giuseppe Cesari, 54 - Brás, São Paulo - SP, 03053-020, Brasil",https://www.prefeitura.sp.gov.br/saffor_bueiros/formspublic/serv1ecopontos.aspx,https://maps.google.com/?cid=7702771096375011731&g_mp=Cidnb29nbGUubWFwcy5wbGFjZXMudjEuUGxhY2VzLlNlYXJjaFRleHQQAhgEIAA,remocao de entulho - Sao Paulo SP
Ecoponto Capitão Casa,,"Av. Cap. Casa, 687 - Demarchi, São Bernardo do Campo - SP, 09811-251, Brasil",https://sbclimpeza.com.br/ecopontos,https://maps.google.com/?cid=1207941198259508541&g_mp=Cidnb29nbGUubWFwcy5wbGFjZXMudjEuUGxhY2VzLlNlYXJjaFRleHQQAhgEIAA,disk entulho - Sao Bernardo do Campo SP
Ecoponto DER,,"R. Ernesto Bezerra, 60 - Jardim Olavo Bilac, São Bernardo do Campo - SP, 09725-820, Brasil",https://sbclimpeza.com.br/ecopontos,https://maps.google.com/?cid=6281154364128021204&g_mp=Cidnb29nbGUubWFwcy5wbGFjZXMudjEuUGxhY2VzLlNlYXJjaFRleHQQAhgEIAA,disk entulho - Sao Bernardo do Campo SP
Ecoponto Imigrantes Holambra,,"R. Scheltinga, Holambra - SP, 13825-000, Brasil",,https://maps.google.com/?cid=10619881651910526588&g_mp=Cidnb29nbGUubWFwcy5wbGFjZXMudjEuUGxhY2VzLlNlYXJjaFRleHQQAhgEIAA,disk entulho - Holambra SP
Ecoponto Jardim Cumbica,,"Av. Birinepe, 99 - Jardim Cumbica, Guarulhos - SP, 07240-050, Brasil",https://www.guarulhos.sp.gov.br/ecoponto,https://maps.google.com/?cid=15308886359298277149&g_mp=Cidnb29nbGUubWFwcy5wbGFjZXMudjEuUGxhY2VzLlNlYXJjaFRleHQQAhgEIAA,coleta de entulho - Guarulhos SP
Ecoponto Jardim Eulina,,"Av. Mal. Rondon, 2296 - Jardim Chapadão, Campinas - SP, 13063-490, Brasil",,https://maps.google.com/?cid=10729836035754664409&g_mp=Cidnb29nbGUubWFwcy5wbGFjZXMudjEuUGxhY2VzLlNlYXJjaFRleHQQAhgEIAA,coleta de entulho - Campinas SP
Ecoponto Jardim Gerivá,(19) 3464-9010,"Av. Juscelino K. de Oliveira - Mollon, Santa Bárbara d'Oeste - SP, 13456, Brasil",,https://maps.google.com/?cid=10489393768245458509&g_mp=Cidnb29nbGUubWFwcy5wbGFjZXMudjEuUGxhY2VzLlNlYXJjaFRleHQQAhgEIAA,coleta de entulho - Santa Barbara dOeste SP
Ecoponto Jardim São Gabriel,,"R. José Martins Lourenço, 140-284 - Jardim São Gabriel, Campinas - SP, 13045-310, Brasil",https://www.gov.br/pt-br/servicos/acessar-o-cras-centro-de-referencia-da-assistencia-social,https://maps.google.com/?cid=9751846114006857184&g_mp=Cidnb29nbGUubWFwcy5wbGFjZXMudjEuUGxhY2VzLlNlYXJjaFRleHQQAhgEIAA,coleta de entulho - Campinas SP
Ecoponto João Pioli,,"Av. Artes e Ofícios - Conj. Hab. Joao Pioli, Indaiatuba - SP, 13348-641, Brasil",https://www.indaiatuba.sp.gov.br/relacoes-institucionais/imprensa/noticias/26755/,https://maps.google.com/?cid=12793469545840553939&g_mp=Cidnb29nbGUubWFwcy5wbGFjZXMudjEuUGxhY2VzLlNlYXJjaFRleHQQAhgEIAA,coleta de entulho - Indaiatuba SP
Ecoponto Macedo,,"R. Sold. Estanislau Wojcik, 26 - Centro, Guarulhos - SP, 07112-210, Brasil",https://www.guarulhos.sp.gov.br/ecoponto,https://maps.google.com/?cid=3492401931971062952&g_mp=Cidnb29nbGUubWFwcy5wbGFjZXMudjEuUGxhY2VzLlNlYXJjaFRleHQQAhgEIAA,coleta de entulho - Guarulhos SP
Ecoponto Montanhão,(11) 4366-3661,"Parque Selecta, São Bernardo do Campo - SP, 09791, Brasil",https://sbclimpeza.com.br/ecopontos,https://maps.google.com/?cid=16850440737179217607&g_mp=Cidnb29nbGUubWFwcy5wbGFjZXMudjEuUGxhY2VzLlNlYXJjaFRleHQQAhgEIAA,coleta de entulho - Sao Bernardo do Campo SP
Ecoponto Municipal Vila Pestana,,"R. José Antônio Augusto, 55 - Jardim Roberto, Osasco - SP, 06170-170, Brasil",,https://maps.google.com/?cid=6599532191109923234&g_mp=Cidnb29nbGUubWFwcy5wbGFjZXMudjEuUGxhY2VzLlNlYXJjaFRleHQQAhgEIAA,coleta de entulho - Osasco SP
Ecoponto Nova Odessa,(19) 3476-5728,"Rua Vilhelms Rosenbergs, s/n - Jardim Monte das Oliveiras, Nova Odessa - SP, 13460-000, Brasil",http://www.novaodessa.sp.gov.br/noticiasConteudo.aspx?IDNoticia=14480,https://maps.google.com/?cid=9815102176749347082&g_mp=Cidnb29nbGUubWFwcy5wbGFjZXMudjEuUGxhY2VzLlNlYXJjaFRleHQQAhgEIAA,disk entulho - Nova Odessa SP
Ecoponto Padroeira II,(11) 95746-0536,"Av. Benedito Alves Turíbio, 2301 - Padroeira, Osasco - SP, 06160-004, Brasil",,https://maps.google.com/?cid=15891279168986911458&g_mp=Cidnb29nbGUubWFwcy5wbGFjZXMudjEuUGxhY2VzLlNlYXJjaFRleHQQAhgEIAA,coleta de entulho - Osasco SP
Ecoponto Parque Olaria,,"R. Independência - Parque Olaria, Santa Bárbara d'Oeste - SP, 13458-020, Brasil",,https://maps.google.com/?cid=878842961236623243&g_mp=Cidnb29nbGUubWFwcy5wbGFjZXMudjEuUGxhY2VzLlNlYXJjaFRleHQQAhgEIAA,coleta de entulho - Santa Barbara dOeste SP
Ecoponto Parque dos Pássaros,,"R. dos Tangarás, 867 - Parque dos Passaros, São Bernardo do Campo - SP, 09861-040, Brasil",https://sbclimpeza.com.br/ecopontos,https://maps.google.com/?cid=689049174794870280&g_mp=Cidnb29nbGUubWFwcy5wbGFjZXMudjEuUGxhY2VzLlNlYXJjaFRleHQQAhgEIAA,disk entulho - Sao Bernardo do Campo SP
Ecoponto Pesqueiro,,"R. Caiuás, 18 - Jardim Camargo Novo, São Paulo - SP, 08120-525, Brasil",https://www.prefeitura.sp.gov.br/cidade/secretarias/subprefeituras/noticias/index.php?p=250404,https://maps.google.com/?cid=8233515003528662994&g_mp=Cidnb29nbGUubWFwcy5wbGFjZXMudjEuUGxhY2VzLlNlYXJjaFRleHQQAhgEIAA,remocao de entulho - Sao Paulo SP
Ecoponto Planalto do Sol II,(19) 3464-9010,"Av. Barretos - Frezzarin 2, Santa Bárbara d'Oeste - SP, 13453-721, Brasil",,https://maps.google.com/?cid=5560817415748764968&g_mp=Cidnb29nbGUubWFwcy5wbGFjZXMudjEuUGxhY2VzLlNlYXJjaFRleHQQAhgEIAA,coleta de entulho - Santa Barbara dOeste SP
Ecoponto Pq São Bernardo,,"R. Almeida Leme, 272 - Jardim Nascimento, São Bernardo do Campo - SP, 09761-170, Brasil",https://sbclimpeza.com.br/ecopontos,https://maps.google.com/?cid=8081276850172606631&g_mp=Cidnb29nbGUubWFwcy5wbGFjZXMudjEuUGxhY2VzLlNlYXJjaFRleHQQAhgEIAA,coleta de entulho - Sao Bernardo do Campo SP
Ecoponto Quintal - Jardim Eldorado,,"R. Rev. Eliseu Narciso, 709 - Jardim Eldorado, Indaiatuba - SP, 13343-800, Brasil",http://www.corpus.com.br/,https://maps.google.com/?cid=18256259108795993658&g_mp=Cidnb29nbGUubWFwcy5wbGFjZXMudjEuUGxhY2VzLlNlYXJjaFRleHQQAhgEIAA,coleta de entulho - Indaiatuba SP
Ecoponto Recanto dos Humildes,,"R. Salles Gomes, 415 - Perus, São Paulo - SP, 05208-110, Brasil",https://www.prefeitura.sp.gov.br/saffor_bueiros/formspublic/serv1ecopontos.aspx,https://maps.google.com/?cid=10696542650120652700&g_mp=Cidnb29nbGUubWFwcy5wbGFjZXMudjEuUGxhY2VzLlNlYXJjaFRleHQQAhgEIAA,coleta de entulho - Osasco SP
Ecoponto Riacho Grande,,"R. Marcílio Conrado - Rio Grande, São Bernardo do Campo - SP, Brasil",https://sbclimpeza.com.br/ecopontos,https://maps.google.com/?cid=9419767328483797209&g_mp=Cidnb29nbGUubWFwcy5wbGFjZXMudjEuUGxhY2VzLlNlYXJjaFRleHQQAhgEIAA,coleta de entulho - Sao Bernardo do Campo SP
Ecoponto Santa Cruz,,"R. Santa Cruz, 1452 - Vila Mariana, São Paulo - SP, 04122-001, Brasil",https://www.prefeitura.sp.gov.br/cidade/secretarias/subprefeituras/amlurb/ecopontos/index.php?p=4626,https://maps.google.com/?cid=17931053206479840577&g_mp=Cidnb29nbGUubWFwcy5wbGFjZXMudjEuUGxhY2VzLlNlYXJjaFRleHQQAhgEIAA,remocao de entulho - Sao Paulo SP
Ecoponto Taboão/Paulicéia,,"R. Pedro Ivo - Vila Florida, São Bernardo do Campo - SP, 09660-090, Brasil",http://sbclimpeza.com.br/ecopontos,https://maps.google.com/?cid=1176466989470266847&g_mp=Cidnb29nbGUubWFwcy5wbGFjZXMudjEuUGxhY2VzLlNlYXJjaFRleHQQAhgEIAA,disk entulho - Sao Bernardo do Campo SP
Ecoponto Triunfo - Nova Odessa,(19) 3476-5728,"Av. Frederico Hansen, 263 - Nucleo Res. Triunfo, Nova Odessa - SP, 13460-000, Brasil",http://www.novaodessa.sp.gov.br/,https://maps.google.com/?cid=10031524267849140959&g_mp=Cidnb29nbGUubWFwcy5wbGFjZXMudjEuUGxhY2VzLlNlYXJjaFRleHQQAhgEIAA,disk entulho - Nova Odessa SP
Ecoponto Três Marias,,"Estr. Particular Eiji Kikuti - Cooperativa, São Bernardo do Campo - SP, 09851-720, Brasil",https://sbclimpeza.com.br/ecopontos,https://maps.google.com/?cid=12899400792120775497&g_mp=Cidnb29nbGUubWFwcy5wbGFjZXMudjEuUGxhY2VzLlNlYXJjaFRleHQQAhgEIAA,coleta de entulho - Sao Bernardo do Campo SP
Ecoponto Valinhos-São Cristóvão,(19) 3829-6012,"R. Marquês de Itu, 170 - CEP : 13.276-245 - Bairro São Cristóvão, Valinhos - SP, 13276-245, Brasil",,https://maps.google.com/?cid=6466070891200289257&g_mp=Cidnb29nbGUubWFwcy5wbGFjZXMudjEuUGxhY2VzLlNlYXJjaFRleHQQAhgEIAA,disk entulho - Valinhos SP
Ecoponto Veloso,,"Veloso, Osasco - SP, 06150, Brasil",,https://maps.google.com/?cid=11465098424876108111&g_mp=Cidnb29nbGUubWFwcy5wbGFjZXMudjEuUGxhY2VzLlNlYXJjaFRleHQQAhgEIAA,coleta de entulho - Osasco SP
Ecoponto Vila Linda,,"R. Cametá, 81 - Vila Linda, Santo André - SP, 09180-001, Brasil",,https://maps.google.com/?cid=6659673188596326058&g_mp=Cidnb29nbGUubWFwcy5wbGFjZXMudjEuUGxhY2VzLlNlYXJjaFRleHQQAhgEIAA,coleta de entulho - Santo Andre SP
Ecoponto Vila Madalena Corpus,,"R. Girassol, 21 - Vila Madalena, São Paulo - SP, 05433-000, Brasil",https://www.prefeitura.sp.gov.br/saffor_bueiros/formspublic/serv1ecopontos.aspx,https://maps.google.com/?cid=1061791987726596692&g_mp=Cidnb29nbGUubWFwcy5wbGFjZXMudjEuUGxhY2VzLlNlYXJjaFRleHQQAhgEIAA,remocao de entulho - Sao Paulo SP
Ecoponto Vila Mariana,,"R. Afonso Celso, 147 - Vila Mariana, São Paulo - SP, 04119-002, Brasil",https://www.locatsp.com.br/ecopontos/,https://maps.google.com/?cid=10341652553425469752&g_mp=Cidnb29nbGUubWFwcy5wbGFjZXMudjEuUGxhY2VzLlNlYXJjaFRleHQQAhgEIAA,remocao de entulho - Sao Paulo SP
Ecoponto Vila União,,"R. Manoel Gomes Ferreira, 42 - Parque Tropical, Campinas - SP, 13060-523, Brasil",,https://maps.google.com/?cid=15902555577515669754&g_mp=Cidnb29nbGUubWFwcy5wbGFjZXMudjEuUGxhY2VzLlNlYXJjaFRleHQQAhgEIAA,coleta de entulho - Campinas SP
Ecoponto Vila Vivaldi,(11) 2630-7350,"R. Guilherme de Almeida, 86 - Jardim Orlandina, São Bernardo do Campo - SP, 09632-050, Brasil",https://sbclimpeza.com.br/ecopontos,https://maps.google.com/?cid=9293066732862279849&g_mp=Cidnb29nbGUubWFwcy5wbGFjZXMudjEuUGxhY2VzLlNlYXJjaFRleHQQAhgEIAA,disk entulho - Sao Bernardo do Campo SP
Ecoponto de descarte de entulho,,"R. Heráclito Fontoura Sobral Pinto, 1062 - Jardim Marisa, Campinas - SP, 13053-217, Brasil",,https://maps.google.com/?cid=9400472070281070626&g_mp=Cidnb29nbGUubWFwcy5wbGFjZXMudjEuUGxhY2VzLlNlYXJjaFRleHQQAhgEIAA,remocao de entulho - Campinas SP
Ecoponto novo osasco,(11) 3699-2126,"R. Dr. Teodoro de Souza Brandão - Novo Osasco, Osasco - SP, 05576-100, Brasil",http://www.osasco.sp.gov.br/,https://maps.google.com/?cid=8584434274400174590&g_mp=Cidnb29nbGUubWFwcy5wbGFjZXMudjEuUGxhY2VzLlNlYXJjaFRleHQQAhgEIAA,disk entulho - Osasco SP
Ecoss Ambiental,(11) 4862-6100,"Av. Engenheiro Roberto Zuccolo, 320 - Vila Leopoldina, São Paulo - SP, 05307-190, Brasil",http://www.ecossambiental.com.br/,https://maps.google.com/?cid=11353517564841734719&g_mp=Cidnb29nbGUubWFwcy5wbGFjZXMudjEuUGxhY2VzLlNlYXJjaFRleHQQAhgEIAA,remocao de entulho - Sao Paulo SP
Eko Caçambas Ltda,(19) 3242-0225,"R. Adônis Bergren Comelato, 53 - Jardim Myrian Moreira da Costa, Campinas - SP, 13098-425, Brasil",,https://maps.google.com/?cid=17391251997719814120&g_mp=Cidnb29nbGUubWFwcy5wbGFjZXMudjEuUGxhY2VzLlNlYXJjaFRleHQQAhgEIAA,coleta de entulho - Campinas SP
Elohim Locação de Caçambas,(11) 98192-0308,"Av. Gregório Bezerra, 638 - Jardim Primavera, São Paulo - SP, 04812-200, Brasil",https://elohimcacambas.com.br/,https://maps.google.com/?cid=10891018281914607612&g_mp=Cidnb29nbGUubWFwcy5wbGFjZXMudjEuUGxhY2VzLlNlYXJjaFRleHQQAhgEIAA,aluguel de cacamba - Sao Paulo SP
Elotec - Locação de caçambas,(11) 96146-3909,"Av. Pres. Juscelino Kubitschek, 1335 - Vila Nova Conceição, São Paulo - SP, 04543-000, Brasil",,https://maps.google.com/?cid=10837045464340183537&g_mp=Cidnb29nbGUubWFwcy5wbGFjZXMudjEuUGxhY2VzLlNlYXJjaFRleHQQAhgEIAA,aluguel de cacamba - Sao Paulo SP
Emanuvic Mudanças residenciais e empresariais em São Paulo e região,(11) 95317-8841,"Rua Doutor Miguel Leuzzi,523 Santo amaro - Cidade dutra - Interlagos - Socorro - Grajaú, São Paulo - SP, 04854-100, Brasil",https://emanuvicmudancas.com.br/,https://maps.google.com/?cid=16646407648431196355&g_mp=Cidnb29nbGUubWFwcy5wbGFjZXMudjEuUGxhY2VzLlNlYXJjaFRleHQQAhgEIAA,transporte de entulho - Sao Paulo SP
Entulho Dois Irmãos Aluguel de Caçambas - locação,(19) 3458-2715,"R. do Vanadio, 374 - Jardim Mollon, Santa Bárbara d'Oeste - SP, 13456-620, Brasil",,https://maps.google.com/?cid=5997772512106537285&g_mp=Cidnb29nbGUubWFwcy5wbGFjZXMudjEuUGxhY2VzLlNlYXJjaFRleHQQAhgEIAA,aluguel de cacamba - Santa Barbara dOeste SP
Entulho Express,(19) 98610-4928,"R. Joaquim Moreira da Silva Filho, 35 - Vila Real, Hortolândia - SP, 13183-230, Brasil",https://www.instagram.com/entulho_express_/,https://maps.google.com/?cid=11630979682897558875&g_mp=Cidnb29nbGUubWFwcy5wbGFjZXMudjEuUGxhY2VzLlNlYXJjaFRleHQQAhgEIAA,coleta de entulho - Campinas SP
Entulho Nova Era,(11) 96786-6831,"R. Alexandra, 141 - Jardim Castanha, Guarulhos - SP, 07182-300, Brasil",http://www.entulhonovaera.com.br/,https://maps.google.com/?cid=9426413605167887705&g_mp=Cidnb29nbGUubWFwcy5wbGFjZXMudjEuUGxhY2VzLlNlYXJjaFRleHQQAhgEIAA,disk entulho - Guarulhos SP
Entulho na Lata,(19) 99288-1740,"R. Fortunato Faraone, 1679 - Jardim Girassol, Americana - SP, 13465-660, Brasil",,https://maps.google.com/?cid=7674220791371924709&g_mp=Cidnb29nbGUubWFwcy5wbGFjZXMudjEuUGxhY2VzLlNlYXJjaFRleHQQAhgEIAA,coleta de entulho - Americana SP
Entulhos Bandeira,,"Av. Jânio Quadros, 1407 - Vila Sao Jose, Monte Mor - SP, 13190-000, Brasil",,https://maps.google.com/?cid=16529931311151791568&g_mp=Cidnb29nbGUubWFwcy5wbGFjZXMudjEuUGxhY2VzLlNlYXJjaFRleHQQAhgEIAA,disk entulho - Monte Mor SP
Entux é a forma mais fácil de descartar o seu entulho,(11) 98785-8777,"Av. Aldino Pinotti, 500 - Centro, São Bernardo do Campo - SP, 09750-220, Brasil",,https://maps.google.com/?cid=6868629886384563211&g_mp=Cidnb29nbGUubWFwcy5wbGFjZXMudjEuUGxhY2VzLlNlYXJjaFRleHQQAhgEIAA,remocao de entulho - Santo Andre SP
Estação de Coleta - Erechim,0800 484 8115,"R. Erechim - Parque Erasmo Assunção, Santo André - SP, 09271-230, Brasil",https://www.semasa.sp.gov.br/residuos/coleta-domiciliar-2/coleta-seletiva/estacoes-de-coleta/,https://maps.google.com/?cid=449553925961671564&g_mp=Cidnb29nbGUubWFwcy5wbGFjZXMudjEuUGxhY2VzLlNlYXJjaFRleHQQAhgEIAA,disk entulho - Santo Andre SP
Estação de Coleta Alvorada,,"R. Rolândia, 400 - Jardim Alvorada, Santo André - SP, 09180-490, Brasil",https://www.semasa.sp.gov.br/residuos/coleta-domiciliar-2/coleta-seletiva/estacoes-de-coleta/,https://maps.google.com/?cid=647190943632118218&g_mp=Cidnb29nbGUubWFwcy5wbGFjZXMudjEuUGxhY2VzLlNlYXJjaFRleHQQAhgEIAA,coleta de entulho - Santo Andre SP
Estação de Coleta Antonina,0800 484 8115,"Av. Eng. Olávo Alaisio de Lima, 945 - Vila Metalúrgica, Santo André - SP, 09220-305, Brasil",http://www.semasa.sp.gov.br/,https://maps.google.com/?cid=9946727732152890342&g_mp=Cidnb29nbGUubWFwcy5wbGFjZXMudjEuUGxhY2VzLlNlYXJjaFRleHQQAhgEIAA,coleta de entulho - Santo Andre SP
Estação de Coleta Bom Pastor,(11) 98467-2382,"Av. Bom Pastor, 1150 - Jardim Bom Pastor, Santo André - SP, 09051-301, Brasil",http://www.semasa.sp.gov.br/residuos/coleta-domiciliar-2/coleta-seletiva/estacoes-de-coleta/,https://maps.google.com/?cid=6190655256686216479&g_mp=Cidnb29nbGUubWFwcy5wbGFjZXMudjEuUGxhY2VzLlNlYXJjaFRleHQQAhgEIAA,disk entulho - Santo Andre SP
Estação de Coleta Caminho do Pilar,,"R. Caminho do Pilar, 1541 - Pinheirinho, Santo André - SP, 09190-000, Brasil",http://www.semasa.sp.gov.br/residuos/coleta-domiciliar-2/coleta-seletiva/estacoes-de-coleta/,https://maps.google.com/?cid=5576175457300759647&g_mp=Cidnb29nbGUubWFwcy5wbGFjZXMudjEuUGxhY2VzLlNlYXJjaFRleHQQAhgEIAA,disk entulho - Santo Andre SP
Estação de Coleta Cata Preta,,"Estr. Cata Preta, 989 - Vila João Ramalho, Santo André - SP, 09170, Brasil",http://www.semasa.sp.gov.br/residuos/coleta-domiciliar-2/coleta-seletiva/estacoes-de-coleta/,https://maps.google.com/?cid=15220986241514650036&g_mp=Cidnb29nbGUubWFwcy5wbGFjZXMudjEuUGxhY2VzLlNlYXJjaFRleHQQAhgEIAA,coleta de entulho - Santo Andre SP
Estação de Coleta Centro,,"Tv. São Bento, 15 - Jardim, Santo André - SP, 09090-540, Brasil",https://www.semasa.sp.gov.br/residuos/coleta-domiciliar-2/coleta-seletiva/estacoes-de-coleta/,https://maps.google.com/?cid=12554267855604579657&g_mp=Cidnb29nbGUubWFwcy5wbGFjZXMudjEuUGxhY2VzLlNlYXJjaFRleHQQAhgEIAA,coleta de entulho - Santo Andre SP
Estação de Coleta Ipanema,,"Av. Cap. Mário Toledo de Camargo, 2955 - Vila América, Santo André - SP, 09110-305, Brasil",http://www.semasa.sp.gov.br/residuos/coleta-domiciliar-2/coleta-seletiva/estacoes-de-coleta/,https://maps.google.com/?cid=155176045642846923&g_mp=Cidnb29nbGUubWFwcy5wbGFjZXMudjEuUGxhY2VzLlNlYXJjaFRleHQQAhgEIAA,disk entulho - Santo Andre SP
Estação de Coleta Palmeiras,,"Av. Prestes Maia, 195 - Jardim, Santo André - SP, 09071-000, Brasil",http://www.semasa.sp.gov.br/,https://maps.google.com/?cid=4692070146305766978&g_mp=Cidnb29nbGUubWFwcy5wbGFjZXMudjEuUGxhY2VzLlNlYXJjaFRleHQQAhgEIAA,coleta de entulho - Santo Andre SP
Estação de Coleta Paraíso,,"R. Juquiá, 200 - Paraíso, Santo André - SP, 09190-675, Brasil",http://www.semasa.sp.gov.br,https://maps.google.com/?cid=4218688492292762489&g_mp=Cidnb29nbGUubWFwcy5wbGFjZXMudjEuUGxhY2VzLlNlYXJjaFRleHQQAhgEIAA,disk entulho - Santo Andre SP
Estação de Coleta Santo Alberto,,"R. Evangelista de Souza, 1689 - Parque Capuava, Santo André - SP, 09260-410, Brasil",http://www.semasa.sp.gov.br/residuos/coleta-domiciliar-2/coleta-seletiva/estacoes-de-coleta/,https://maps.google.com/?cid=5157856623306480068&g_mp=Cidnb29nbGUubWFwcy5wbGFjZXMudjEuUGxhY2VzLlNlYXJjaFRleHQQAhgEIAA,coleta de entulho - Santo Andre SP
Estação de Coleta Seletiva,,"R. Edgard Vieira de Lima, 51 - Parque Marajoara, Santo André - SP, 09112-075, Brasil",https://www.semasa.sp.gov.br/residuos/coleta-domiciliar-2/coleta-seletiva/,https://maps.google.com/?cid=2976197302566843395&g_mp=Cidnb29nbGUubWFwcy5wbGFjZXMudjEuUGxhY2VzLlNlYXJjaFRleHQQAhgEIAA,disk entulho - Santo Andre SP
Expanvacuo Fossa - Pedreira,(19) 3199-2451,"Limpa Fossa - Rua Joaquim Ferreira Coutinho, 85, Pedreira - SP, 13920-000, Brasil",http://expanvacuo.com.br/,https://maps.google.com/?cid=2280016574334835821&g_mp=Cidnb29nbGUubWFwcy5wbGFjZXMudjEuUGxhY2VzLlNlYXJjaFRleHQQAhgEIAA,remocao de entulho - Pedreira SP
FERMAD AMBIENTAL,(11) 98796-8355,"Av. Lourenço Beloli, 973 - Vila Menck, Osasco - SP, 06268-110, Brasil",http://fermadambiental.com.br/,https://maps.google.com/?cid=10672437275732276633&g_mp=Cidnb29nbGUubWFwcy5wbGFjZXMudjEuUGxhY2VzLlNlYXJjaFRleHQQAhgEIAA,coleta de entulho - Osasco SP
FM Caçamba,(19) 98212-2410,"R. Hélio Martineli, 147 - Jardim Uruguai, Campinas - SP, 13059-852, Brasil",https://www.fmcacamba.com.br/,https://maps.google.com/?cid=9865550019890048947&g_mp=Cidnb29nbGUubWFwcy5wbGFjZXMudjEuUGxhY2VzLlNlYXJjaFRleHQQAhgEIAA,aluguel de cacamba - Campinas SP
Fe Entulhos,(11) 94006-0940,"Rua Professor Marcos Lindenberg, 134 - Vila Imperio, São Paulo - SP, 04406-190, Brasil",,https://maps.google.com/?cid=1961782532785088029&g_mp=Cidnb29nbGUubWFwcy5wbGFjZXMudjEuUGxhY2VzLlNlYXJjaFRleHQQAhgEIAA,coleta de entulho - Sao Paulo SP
Fernandes entulhos Locação de cacamba,(19) 97170-1098,"Rua das palma 75 - Jardim das Flores, Santo Antônio de Posse - SP, 13831-270, Brasil",,https://maps.google.com/?cid=1454459691763567943&g_mp=Cidnb29nbGUubWFwcy5wbGFjZXMudjEuUGxhY2VzLlNlYXJjaFRleHQQAhgEIAA,aluguel de cacamba - Santo Antonio de Posse SP
Formiga - Coleta e Gerenciamento Ambiental,(11) 3691-1052,"Estr. das Mimosas, 78 - Santa Maria, Osasco - SP, 06150-550, Brasil",http://www.1aformiga.com.br/,https://maps.google.com/?cid=11882433190654171599&g_mp=Cidnb29nbGUubWFwcy5wbGFjZXMudjEuUGxhY2VzLlNlYXJjaFRleHQQAhgEIAA,disk entulho - Osasco SP
Furtado Entulhos,(11) 4451-0254,"R. Fernando Costa - Cidade São Jorge, Santo André - SP, 09120-305, Brasil",https://www.google.com/search?q=furtado+entulhos&rlz=1C1GCEA_enBR1096BR1096&oq=furtado+ent&gs_lcrp=EgZjaHJvbWUqCggAEAAY4wIYgAQyCggAEAAY4wIYgAQyDQgBEC4YrwEYxwEYgAQyBggCEEUYOTIICAMQABgWGB4yCAgEEAAYFhgeMggIBRAAGBYYHjIICAYQABgWGB4yCAgHEAAYFhgeMggICBAAGBYYHjIICAkQABgWGB6oAgCwAgA&sourceid=chrome&ie=UTF-8,https://maps.google.com/?cid=2481521183095716348&g_mp=Cidnb29nbGUubWFwcy5wbGFjZXMudjEuUGxhY2VzLlNlYXJjaFRleHQQAhgEIAA,aluguel de cacamba - Santo Andre SP
G.A.G remoção de entulho com caçamba estacionária,(11) 96529-7358,"Rua c2, 62 - Vila Itapoan, Guarulhos - SP, 07124-503, Brasil",,https://maps.google.com/?cid=150759218866077943&g_mp=Cidnb29nbGUubWFwcy5wbGFjZXMudjEuUGxhY2VzLlNlYXJjaFRleHQQAhgEIAA,remocao de entulho - Guarulhos SP
G2W entulhos ensacados,(11) 95305-7762,"Av. do Cursino, 6601 - Vila Moraes, São Paulo - SP, 04169-000, Brasil",,https://maps.google.com/?cid=12728638366039598333&g_mp=Cidnb29nbGUubWFwcy5wbGFjZXMudjEuUGxhY2VzLlNlYXJjaFRleHQQAhgEIAA,coleta de entulho - Sao Paulo SP
GAGO caçambas em Guarulhos SP,,"R. Benedita Maria Barbosa, 49 - Jardim Maia, Guarulhos - SP, 07115-100, Brasil",,https://maps.google.com/?cid=13291539301412016909&g_mp=Cidnb29nbGUubWFwcy5wbGFjZXMudjEuUGxhY2VzLlNlYXJjaFRleHQQAhgEIAA,coleta de entulho - Guarulhos SP
GENIX caçambada Campinas SP,(11) 94612-2804,"R. Sete de Setembro, 857 - Vila Industrial (Campinas), Campinas - SP, 13106-022, Brasil",,https://maps.google.com/?cid=8277789087804178799&g_mp=Cidnb29nbGUubWFwcy5wbGFjZXMudjEuUGxhY2VzLlNlYXJjaFRleHQQAhgEIAA,coleta de entulho - Campinas SP
GENIX caçambas Santo André SP,(11) 94612-2804,"R. Antônio Corrêa, 2 - Vila Guaraciaba, Santo André - SP, 09121-740, Brasil",,https://maps.google.com/?cid=3268678272035964755&g_mp=Cidnb29nbGUubWFwcy5wbGFjZXMudjEuUGxhY2VzLlNlYXJjaFRleHQQAhgEIAA,remocao de entulho - Santo Andre SP
GENIX caçambas São Bernardo do Campo,(11) 94612-2804,"R. Pedro Jacobucci, 126 - Jardim das Americas, São Bernardo do Campo - SP, 09725-750, Brasil",,https://maps.google.com/?cid=9319441167498351684&g_mp=Cidnb29nbGUubWFwcy5wbGFjZXMudjEuUGxhY2VzLlNlYXJjaFRleHQQAhgEIAA,coleta de entulho - Sao Bernardo do Campo SP
GFL CAÇAMBAS GUARULHOS,(11) 96363-9998,"R. São Mateus do Sul, 304 - Jardim Santa Vicencia, Guarulhos - SP, 07183-190, Brasil",http://gflcacambas.com.br/,https://maps.google.com/?cid=4131333950159243589&g_mp=Cidnb29nbGUubWFwcy5wbGFjZXMudjEuUGxhY2VzLlNlYXJjaFRleHQQAhgEIAA,aluguel de cacamba - Guarulhos SP
GIRA Entulhos Mini Caçambas,(19) 99178-8522,"R. Lírios, 439 - Parque do Horto, Hortolândia - SP, 13183-664, Brasil",,https://maps.google.com/?cid=7837405302109052525&g_mp=Cidnb29nbGUubWFwcy5wbGFjZXMudjEuUGxhY2VzLlNlYXJjaFRleHQQAhgEIAA,coleta de entulho - Campinas SP
GM Remoção e Locação de caçambas,(11) 94750-8110,"Av.Brigadeiro Faria Lima, 2162 - Jardim Cocaia, Guarulhos - SP, 07130-000, Brasil",https://gmcacambas.com.br/,https://maps.google.com/?cid=12254656319821756110&g_mp=Cidnb29nbGUubWFwcy5wbGFjZXMudjEuUGxhY2VzLlNlYXJjaFRleHQQAhgEIAA,aluguel de cacamba - Guarulhos SP
GSG Locações de Cacambas,(11) 94535-5871,"Av. Patente, 200 - Jardim Patente, São Paulo - SP, 04243-000, Brasil",https://gsgremocoes.com.br/?fbclid=PAZXh0bgNhZW0CMTEAAaZb_273wAeb7V-aY7jnPQlgKxiGl9mkCC983DBibvqtSaUxsffx2teerY4_aem_oEL0x571Mlnt00XyjXRMtA,https://maps.google.com/?cid=2170740191922738797&g_mp=Cidnb29nbGUubWFwcy5wbGFjZXMudjEuUGxhY2VzLlNlYXJjaFRleHQQAhgEIAA,transporte de entulho - Sao Paulo SP
GTS caçamba Indaiatuba SP,(11) 95350-3424,"R. Humaitá, 510 - Centro, Indaiatuba - SP, 13330-665, Brasil",,https://maps.google.com/?cid=15248908037886005838&g_mp=Cidnb29nbGUubWFwcy5wbGFjZXMudjEuUGxhY2VzLlNlYXJjaFRleHQQAhgEIAA,coleta de entulho - Indaiatuba SP
GTS caçambas Sumaré SP,(11) 95350-3424,"R. Máximo Biondo, 140 - Centro, Sumaré - SP, 13170-029, Brasil",,https://maps.google.com/?cid=96488947703086118&g_mp=Cidnb29nbGUubWFwcy5wbGFjZXMudjEuUGxhY2VzLlNlYXJjaFRleHQQAhgEIAA,coleta de entulho - Sumare SP
GUGA cacambas em Itapeva SP,(11) 95952-0886,"R. Dr. José Roberto Basile Bonito, 500 - Residencial São José, Itupeva - SP, 13295-000, Brasil",,https://maps.google.com/?cid=14339872125145005629&g_mp=Cidnb29nbGUubWFwcy5wbGFjZXMudjEuUGxhY2VzLlNlYXJjaFRleHQQAhgEIAA,coleta de entulho - Indaiatuba SP
GUGA caçambas em Campinas SP,(11) 95952-0886,"R. Rangel Pestana, 34 - Vila Industrial (Campinas), Campinas - SP, 13035-410, Brasil",,https://maps.google.com/?cid=2375230717349782084&g_mp=Cidnb29nbGUubWFwcy5wbGFjZXMudjEuUGxhY2VzLlNlYXJjaFRleHQQAhgEIAA,coleta de entulho - Campinas SP
GUGA caçambas em Hortolândia SP,(11) 95952-0886,"R. Santo Denadai, 434 - Vila Real, Hortolândia - SP, 13183-100, Brasil",,https://maps.google.com/?cid=3343374051742290891&g_mp=Cidnb29nbGUubWFwcy5wbGFjZXMudjEuUGxhY2VzLlNlYXJjaFRleHQQAhgEIAA,aluguel de cacamba - Hortolandia SP
GUGA caçambas em americana Sp,(11) 95952-0886,"R. Maj. Rehder, 359 - Vila Rehder, Americana - SP, 13465-390, Brasil",,https://maps.google.com/?cid=16902289697138021882&g_mp=Cidnb29nbGUubWFwcy5wbGFjZXMudjEuUGxhY2VzLlNlYXJjaFRleHQQAhgEIAA,coleta de entulho - Americana SP
Gallo Terraplanagem,(19) 97813-6776,"R. Theophilo Ricardo Peterlevitz, 55 - Bosque dos Eucaplitos, Nova Odessa - SP, 13381-068, Brasil",http://galloterraplanagem.com/,https://maps.google.com/?cid=6431639198796478062&g_mp=Cidnb29nbGUubWFwcy5wbGFjZXMudjEuUGxhY2VzLlNlYXJjaFRleHQQAhgEIAA,coleta de entulho - Nova Odessa SP
Galo Caçambas e Entulho - Zona Leste,(11) 97272-0870,"R. Nazaré do Piauí, 323 - Vila Carolina, São Paulo - SP, 08040-110, Brasil",https://www.galocacambas.com.br/,https://maps.google.com/?cid=12184463016169124185&g_mp=Cidnb29nbGUubWFwcy5wbGFjZXMudjEuUGxhY2VzLlNlYXJjaFRleHQQAhgEIAA,aluguel de cacamba - Sao Paulo SP
Garcia Entulhos,(11) 3763-2877,"Rua Arthur Soter Lopes da Silva, 226 - Jardim Esmeralda, São Paulo - SP, 05367-140, Brasil",http://www.garciaentulhos.com.br/,https://maps.google.com/?cid=12516727207621829239&g_mp=Cidnb29nbGUubWFwcy5wbGFjZXMudjEuUGxhY2VzLlNlYXJjaFRleHQQAhgEIAA,remocao de entulho - Osasco SP
Genix Aluguel de Caçambas Zona Leste,(11) 94612-2804,"R. João Bizarro da Nave, 300-484 - Vila Diva (Zona Leste), São Paulo - SP, 03351-100, Brasil",,https://maps.google.com/?cid=13622926702367015180&g_mp=Cidnb29nbGUubWFwcy5wbGFjZXMudjEuUGxhY2VzLlNlYXJjaFRleHQQAhgEIAA,aluguel de cacamba - Sao Paulo SP
Genix Locacao de Caçambas São Bernardo,(11) 94612-2804,"Baeta Neves, São Bernardo do Campo - SP, 09771-001, Brasil",,https://maps.google.com/?cid=16687112111215293949&g_mp=Cidnb29nbGUubWFwcy5wbGFjZXMudjEuUGxhY2VzLlNlYXJjaFRleHQQAhgEIAA,coleta de entulho - Sao Bernardo do Campo SP
Genix Utinga Locação de Caçambas Entulho,(11) 94612-2804,"R. Antuerpia, 403-201 - Utinga, Santo André - SP, 09230-120, Brasil",,https://maps.google.com/?cid=9952704679411435393&g_mp=Cidnb29nbGUubWFwcy5wbGFjZXMudjEuUGxhY2VzLlNlYXJjaFRleHQQAhgEIAA,remocao de entulho - Santo Andre SP
Geraltulho Eco Ambiental,(19) 3857-9663,"R. Jose Gazotto Sobrinho, 768 - Jardim do Lago, Eng. Coelho - SP, 13165-000, Brasil",,https://maps.google.com/?cid=17973710244705104576&g_mp=Cidnb29nbGUubWFwcy5wbGFjZXMudjEuUGxhY2VzLlNlYXJjaFRleHQQAhgEIAA,aluguel de cacamba - Engenheiro Coelho SP
Global Caçambas,(11) 94956-5555,"R. Antônio Russo - Jardim Roberto, Osasco - SP, 06170-000, Brasil",,https://maps.google.com/?cid=9138937159795098982&g_mp=Cidnb29nbGUubWFwcy5wbGFjZXMudjEuUGxhY2VzLlNlYXJjaFRleHQQAhgEIAA,disk entulho - Osasco SP
Gonçalez Entulho,(11) 5058-3880,"Rua Giovanni Boltraffio, 385 - Parque Bristol, São Paulo - SP, 04190-050, Brasil",,https://maps.google.com/?cid=12206766153651105543&g_mp=Cidnb29nbGUubWFwcy5wbGFjZXMudjEuUGxhY2VzLlNlYXJjaFRleHQQAhgEIAA,transporte de entulho - Sao Paulo SP
Guarda Municipal de Artur Nogueira,(19) 3877-2353,"R. Dez de Abril, 629 - Centro, Artur Nogueira - SP, 13160-000, Brasil",,https://maps.google.com/?cid=15595861077694436747&g_mp=Cidnb29nbGUubWFwcy5wbGFjZXMudjEuUGxhY2VzLlNlYXJjaFRleHQQAhgEIAA,transporte de entulho - Artur Nogueira SP
Guaru Obra Caçambas,(11) 2456-9072,"R. Cecília Roizen, 653 - Jardim Satelite, Guarulhos - SP, 07222-020, Brasil",http://guaruobra.com.br/,https://maps.google.com/?cid=4744895691310378833&g_mp=Cidnb29nbGUubWFwcy5wbGFjZXMudjEuUGxhY2VzLlNlYXJjaFRleHQQAhgEIAA,remocao de entulho - Guarulhos SP
Guarulix Ambiental - Locação de caçambas em Guarulhos,(11) 94770-9512,"R. Campo Alegre, 1 - Jardim Arapongas, Guarulhos - SP, 07210-230, Brasil",https://www.guarulix.com.br/,https://maps.google.com/?cid=1119379123997744592&g_mp=Cidnb29nbGUubWFwcy5wbGFjZXMudjEuUGxhY2VzLlNlYXJjaFRleHQQAhgEIAA,aluguel de cacamba - Guarulhos SP
Guimarães Topografia e Terraplenagem,(19) 99268-4304,"R. Campo das Palmas, 62 - Secção A, Holambra - SP, 13825-000, Brasil",http://guimarãestopografiaeterraplanagem.com/,https://maps.google.com/?cid=13452572056628218714&g_mp=Cidnb29nbGUubWFwcy5wbGFjZXMudjEuUGxhY2VzLlNlYXJjaFRleHQQAhgEIAA,aluguel de cacamba - Holambra SP
H.Y Transporte e Remoção de Entulho LTDA,(11) 3421-8888,"Rua Tenente Américo Moretti, 676 - Vila Santa Catarina, São Paulo - SP, 04372-064, Brasil",,https://maps.google.com/?cid=15789138387750174310&g_mp=Cidnb29nbGUubWFwcy5wbGFjZXMudjEuUGxhY2VzLlNlYXJjaFRleHQQAhgEIAA,transporte de entulho - Sao Paulo SP
HBA Industria Comércio e Manutenção de Equipamentos Agrícolas,(19) 3802-1256,"Av. Nogueiras, 420 - Centro, Holambra - SP, 13825-000, Brasil",https://linktr.ee/hbaholambra,https://maps.google.com/?cid=240959145263987251&g_mp=Cidnb29nbGUubWFwcy5wbGFjZXMudjEuUGxhY2VzLlNlYXJjaFRleHQQAhgEIAA,aluguel de cacamba - Holambra SP
HC2 Soluções,(19) 3802-1057,"R. Campo do Pouso, 1413 - Centro, Holambra - SP, 13825-063, Brasil",http://www.hc2solucoes.com.br/,https://maps.google.com/?cid=18114263934684218791&g_mp=Cidnb29nbGUubWFwcy5wbGFjZXMudjEuUGxhY2VzLlNlYXJjaFRleHQQAhgEIAA,aluguel de cacamba - Holambra SP
HL retirada de entulhos e transportes,(11) 98159-5997,"R. José Maria Ferreira Santos, 154 - Jardim Nove de Julho, São Paulo - SP, 03948-030, Brasil",https://hltransportes.site2.com.br/,https://maps.google.com/?cid=6893844255268126001&g_mp=Cidnb29nbGUubWFwcy5wbGFjZXMudjEuUGxhY2VzLlNlYXJjaFRleHQQAhgEIAA,remocao de entulho - Santo Andre SP
HVR Caçambas Sumaré,(19) 98240-0009,"R. Adolfo Rios Martins, 340 - Chácara Monte Alegre, Sumaré - SP, 13175-583, Brasil",https://hvrcacambas.com.br/,https://maps.google.com/?cid=1590453151359822875&g_mp=Cidnb29nbGUubWFwcy5wbGFjZXMudjEuUGxhY2VzLlNlYXJjaFRleHQQAhgEIAA,aluguel de cacamba - Sumare SP
Henripel Soluções em Resíduos,(19) 99881-6956,"R. Honório Victor da Silva, 40 - Jardim Santorini, Indaiatuba - SP, 13343-744, Brasil",http://www.henripel.com.br/,https://maps.google.com/?cid=6798491962512777525&g_mp=Cidnb29nbGUubWFwcy5wbGFjZXMudjEuUGxhY2VzLlNlYXJjaFRleHQQAhgEIAA,coleta de entulho - Indaiatuba SP
Holimp caçamba de entulho,(11) 4863-3066,"Av. Giovanni Gronchi, 2300 - Jardim Melo, São Paulo - SP, 05651-002, Brasil",,https://maps.google.com/?cid=6186175843381832678&g_mp=Cidnb29nbGUubWFwcy5wbGFjZXMudjEuUGxhY2VzLlNlYXJjaFRleHQQAhgEIAA,coleta de entulho - Sao Paulo SP
Horto Caçambas,(19) 98913-8085,"R. Célio Vieira Alves, Hortolândia - SP, 13187-239, Brasil",https://hortocacambas.com.br/,https://maps.google.com/?cid=2696945156504924410&g_mp=Cidnb29nbGUubWFwcy5wbGFjZXMudjEuUGxhY2VzLlNlYXJjaFRleHQQAhgEIAA,aluguel de cacamba - Hortolandia SP
Hurus caçamba em Guarulhos SP,(11) 95435-1567,"R. Prof. Leopoldo Paperini, 61 - Jardim Zaira, Guarulhos - SP, 07095-080, Brasil",,https://maps.google.com/?cid=646653562541635726&g_mp=Cidnb29nbGUubWFwcy5wbGFjZXMudjEuUGxhY2VzLlNlYXJjaFRleHQQAhgEIAA,coleta de entulho - Guarulhos SP
Hurus caçambas Osasco SP,(11) 95435-1567,"R. Açucena, 200 - Jardim das Flores, Osasco - SP, 06715-377, Brasil",,https://maps.google.com/?cid=15586837484759012688&g_mp=Cidnb29nbGUubWFwcy5wbGFjZXMudjEuUGxhY2VzLlNlYXJjaFRleHQQAhgEIAA,coleta de entulho - Osasco SP
Hynove Coleta Ambiental,(11) 3448-7799,"Rua Luiz Feriani, 254 - Taboão, São Bernardo do Campo - SP, 09663-100, Brasil",http://www.hynove.com.br/,https://maps.google.com/?cid=6287090209204132754&g_mp=Cidnb29nbGUubWFwcy5wbGFjZXMudjEuUGxhY2VzLlNlYXJjaFRleHQQAhgEIAA,coleta de entulho - Sao Bernardo do Campo SP
ICL REMOÇÕES DE ENTULHO - CAÇAMBAS,(11) 99677-0488,"R. Humberto Fernandes Fortes, 261 - São José, São Caetano do Sul - SP, 09570-600, Brasil",,https://maps.google.com/?cid=1150819449085151969&g_mp=Cidnb29nbGUubWFwcy5wbGFjZXMudjEuUGxhY2VzLlNlYXJjaFRleHQQAhgEIAA,remocao de entulho - Santo Andre SP
IMPERADOR CAÇAMBAS,(19) 99813-0999,"Av. da Amizade, 1889 - Parque Euclides Miranda, Sumaré - SP, 13175-482, Brasil",,https://maps.google.com/?cid=11816394386903456536&g_mp=Cidnb29nbGUubWFwcy5wbGFjZXMudjEuUGxhY2VzLlNlYXJjaFRleHQQAhgEIAA,coleta de entulho - Sumare SP
Ilha Ecológica - Coleta Seletiva,,"Praça Interact - Cidade Nova II, Indaiatuba - SP, 13334-200, Brasil",https://www.indaiatuba.sp.gov.br/urbanismo/coleta-seletiva/,https://maps.google.com/?cid=17419042128363883156&g_mp=Cidnb29nbGUubWFwcy5wbGFjZXMudjEuUGxhY2VzLlNlYXJjaFRleHQQAhgEIAA,coleta de entulho - Indaiatuba SP
Ilha Ecológica - Coleta Seletiva,,"R. Lisboa, s/n - Jardim Europa, Indaiatuba - SP, 13331-065, Brasil",,https://maps.google.com/?cid=9599971806408881391&g_mp=Cidnb29nbGUubWFwcy5wbGFjZXMudjEuUGxhY2VzLlNlYXJjaFRleHQQAhgEIAA,coleta de entulho - Indaiatuba SP
Imperador Caçambas – Entrega Rápida,(19) 99813-0999,"R. da Mata - Jardim Paulistano, Sumaré - SP, 13174-740, Brasil",,https://maps.google.com/?cid=8111308548744529817&g_mp=Cidnb29nbGUubWFwcy5wbGFjZXMudjEuUGxhY2VzLlNlYXJjaFRleHQQAhgEIAA,coleta de entulho - Hortolandia SP
Imperial Caçambas,(19) 3859-1501,"R. José Angeli, 280 - Pte. Alta, Valinhos - SP, 13277-660, Brasil",,https://maps.google.com/?cid=11106848565860791287&g_mp=Cidnb29nbGUubWFwcy5wbGFjZXMudjEuUGxhY2VzLlNlYXJjaFRleHQQAhgEIAA,aluguel de cacamba - Valinhos SP
Império Caçambas remoção de entulhos,(11) 98808-9090,"R. Edson Roberto Vìsmara - Alvarenga, São Bernardo do Campo - SP, 09854-620, Brasil",,https://maps.google.com/?cid=17595084973897262141&g_mp=Cidnb29nbGUubWFwcy5wbGFjZXMudjEuUGxhY2VzLlNlYXJjaFRleHQQAhgEIAA,aluguel de cacamba - Sao Bernardo do Campo SP
Independência Entulho - Aluguel de Caçambas,(11) 3683-4692,"R. André Rovai, 936 - Bonfim, Osasco - SP, 06233-150, Brasil",https://www.independenciaentulho.com.br/,https://maps.google.com/?cid=13317369605962528216&g_mp=Cidnb29nbGUubWFwcy5wbGFjZXMudjEuUGxhY2VzLlNlYXJjaFRleHQQAhgEIAA,aluguel de cacamba - Osasco SP
Infinity Caçambas,(11) 3599-5430,"R. Sabiá, 51 - Ayrosa, Osasco - SP, 06293-040, Brasil",https://infinitycacamba.com.br/,https://maps.google.com/?cid=5211578546005774357&g_mp=Cidnb29nbGUubWFwcy5wbGFjZXMudjEuUGxhY2VzLlNlYXJjaFRleHQQAhgEIAA,coleta de entulho - Osasco SP
Innove Ecofrete - Remoção de Entulho,(11) 94951-4600,"R. Nossa Sra. das Mercês, 1120 - Vila Moraes, São Paulo - SP, 04165-011, Brasil",https://innoveecofrete.com.br/,https://maps.google.com/?cid=11664265575638331369&g_mp=Cidnb29nbGUubWFwcy5wbGFjZXMudjEuUGxhY2VzLlNlYXJjaFRleHQQAhgEIAA,coleta de entulho - Sao Paulo SP
Inova Ambiental - Recicláveis e Resíduos em Geral,(19) 3879-7814,"Av. Constante Pavan, 4244 - Betel, Paulínia - SP, 13148-198, Brasil",,https://maps.google.com/?cid=11870124350086319644&g_mp=Cidnb29nbGUubWFwcy5wbGFjZXMudjEuUGxhY2VzLlNlYXJjaFRleHQQAhgEIAA,coleta de entulho - Paulinia SP
Inova Entulhos,(19) 99473-4915,"R. 1, 216, Paulínia - SP, 13148-163, Brasil",,https://maps.google.com/?cid=5484521455631735159&g_mp=Cidnb29nbGUubWFwcy5wbGFjZXMudjEuUGxhY2VzLlNlYXJjaFRleHQQAhgEIAA,aluguel de cacamba - Paulinia SP
Inácio Entulho Aluguel de Caçambas,(11) 96932-2698,"R. Tupi Paulista, 161 - Jardim Marilu, Carapicuíba - SP, 06343-050, Brasil",https://www.guiadeassinantes.com.br/anuncio/inacio-entulho-aluguel-de-cacambas-em-carapicuiba,https://maps.google.com/?cid=6369015210506298674&g_mp=Cidnb29nbGUubWFwcy5wbGFjZXMudjEuUGxhY2VzLlNlYXJjaFRleHQQAhgEIAA,remocao de entulho - Osasco SP
Irmãos Silveira - Aluguel de Caçambas,(11) 4207-1405,"R. Adão Gonçalves da Costa, 132 - Vila Jussara, Carapicuíba - SP, 06321-040, Brasil",,https://maps.google.com/?cid=10235595818407767939&g_mp=Cidnb29nbGUubWFwcy5wbGFjZXMudjEuUGxhY2VzLlNlYXJjaFRleHQQAhgEIAA,aluguel de cacamba - Holambra SP
Iron Caçambas,(19) 98130-7918,"Rua Roza Amstalden Cantelli, 309 - Jardim Colonial, Indaiatuba - SP, 13348-702, Brasil",,https://maps.google.com/?cid=12647810765199270967&g_mp=Cidnb29nbGUubWFwcy5wbGFjZXMudjEuUGxhY2VzLlNlYXJjaFRleHQQAhgEIAA,aluguel de cacamba - Indaiatuba SP
Isa Locação,(19) 99603-8757,"R. Raul Silva, 129 - salão 3 - Jardim Santa Rosa, Cosmópolis - SP, 13152-114, Brasil",https://www.isalocacao.com.br/,https://maps.google.com/?cid=11790013153449028699&g_mp=Cidnb29nbGUubWFwcy5wbGFjZXMudjEuUGxhY2VzLlNlYXJjaFRleHQQAhgEIAA,aluguel de cacamba - Cosmopolis SP
"Ita Areia - Terraplanagem e Água Potável Caminhão Pipa, Itatiba SP",(11) 94748-9539,"Av. Idalina T Sanfins, 200 - Bairro da Ponte, Itatiba - SP, 13251-714, Brasil",http://www.ita-areia.com.br/,https://maps.google.com/?cid=16966815728643310078&g_mp=Cidnb29nbGUubWFwcy5wbGFjZXMudjEuUGxhY2VzLlNlYXJjaFRleHQQAhgEIAA,remocao de entulho - Itatiba SP
ItaEntulho,(11) 4534-1313,"Av. Benedito Alves Barbosa Sobrinho, 856 - Lj 11 - Jardim Santa Filomena, Itatiba - SP, 13256-580, Brasil",http://www.itaentulho.com.br/,https://maps.google.com/?cid=10147257984510222241&g_mp=Cidnb29nbGUubWFwcy5wbGFjZXMudjEuUGxhY2VzLlNlYXJjaFRleHQQAhgEIAA,aluguel de cacamba - Itatiba SP
Itaentulho/ Itaterra (locação de caçambas ZL De São Paulo),(11) 2205-7690,"Av. Itaquera, 7511 - Itaquera, São Paulo - SP, 08295-001, Brasil",http://www.itaterratransporte.com.br/,https://maps.google.com/?cid=7082627676013753063&g_mp=Cidnb29nbGUubWFwcy5wbGFjZXMudjEuUGxhY2VzLlNlYXJjaFRleHQQAhgEIAA,transporte de entulho - Sao Paulo SP
JB Caçambas,(11) 93705-4532,"R. Prof. Cícero de Sá Ramalho, 43 - Vila Formosa, São Paulo - SP, 03462-000, Brasil",http://jbcacambas.com.br/,https://maps.google.com/?cid=4067029524556832676&g_mp=Cidnb29nbGUubWFwcy5wbGFjZXMudjEuUGxhY2VzLlNlYXJjaFRleHQQAhgEIAA,aluguel de cacamba - Sao Paulo SP
JBA Caçambas,(11) 97718-1012,"Av. Mofarrej, 348 - 13 - Andar 13, Conj. 1308 - Vila Leopoldina, São Paulo - SP, 05311-000, Brasil",https://www.jbalocacaodecacambas.com.br/,https://maps.google.com/?cid=4241548760054480594&g_mp=Cidnb29nbGUubWFwcy5wbGFjZXMudjEuUGxhY2VzLlNlYXJjaFRleHQQAhgEIAA,aluguel de cacamba - Sao Paulo SP
JBA Caçambas,(11) 97718-1012,"Av. Cândido Portinari, 656/658 - Vila Jaguara, São Paulo - SP, 05114-000, Brasil",https://www.jbacacambasp.com.br/,https://maps.google.com/?cid=12028821675736769428&g_mp=Cidnb29nbGUubWFwcy5wbGFjZXMudjEuUGxhY2VzLlNlYXJjaFRleHQQAhgEIAA,aluguel de cacamba - Sao Paulo SP
JCC Terraplenagem,(19) 97415-1043,"R. Serra das Vertentes, 64 - Jardim Paranapanema, Campinas - SP, 13100-238, Brasil",https://www.jccterraplenagem.com.br/,https://maps.google.com/?cid=17582017518753670411&g_mp=Cidnb29nbGUubWFwcy5wbGFjZXMudjEuUGxhY2VzLlNlYXJjaFRleHQQAhgEIAA,transporte de entulho - Campinas SP
JD Esberci - Imobiliária em Holambra,(19) 99305-7752,"R. Rota dos Imigrantes, 562 - Centro, Holambra - SP, 13825-000, Brasil",https://www.jdesberci.com/,https://maps.google.com/?cid=14522694912167984634&g_mp=Cidnb29nbGUubWFwcy5wbGFjZXMudjEuUGxhY2VzLlNlYXJjaFRleHQQAhgEIAA,aluguel de cacamba - Holambra SP
JDC CAÇAMBAS - ZONA LESTE,(11) 2059-0915,"R. Simone Martini, 281 - Jardim Santa Maria, São Paulo - SP, 03573-170, Brasil",https://www.jdccacambas.com.br/,https://maps.google.com/?cid=17946641262410798595&g_mp=Cidnb29nbGUubWFwcy5wbGFjZXMudjEuUGxhY2VzLlNlYXJjaFRleHQQAhgEIAA,aluguel de cacamba - Sao Paulo SP
JF DEMOLIDORA,(11) 94760-6367,"R. Xapuri, 2021 - Jardim Colonial, Carapicuíba - SP, 06343-020, Brasil",http://jfdemolidora.com.br/,https://maps.google.com/?cid=12564107314281664398&g_mp=Cidnb29nbGUubWFwcy5wbGFjZXMudjEuUGxhY2VzLlNlYXJjaFRleHQQAhgEIAA,remocao de entulho - Osasco SP
JG Aluguel de Caçambas - Empresa de coleta de entulho - Atende São Paulo e as Proximidades,(11) 2015-0373,"R. Júlio César Moreira, 60 - Jardim Rodolfo Pirani, São Paulo - SP, 08310-160, Brasil",https://www.jg-cacambas.com/,https://maps.google.com/?cid=11175643590096771827&g_mp=Cidnb29nbGUubWFwcy5wbGFjZXMudjEuUGxhY2VzLlNlYXJjaFRleHQQAhgEIAA,aluguel de cacamba - Sao Paulo SP
JHS - Locacao de Cacambas para Entulho,(11) 95937-2920,"Rua João Franco de Sousa, 114 - Vila Jacuí, São Paulo - SP, 08060-280, Brasil",,https://maps.google.com/?cid=15426880278315730191&g_mp=Cidnb29nbGUubWFwcy5wbGFjZXMudjEuUGxhY2VzLlNlYXJjaFRleHQQAhgEIAA,coleta de entulho - Guarulhos SP
JL Caçambas Indaiatuba e Munck,(19) 3017-4670,"Rua: Carmem Mendes Mantovani, 38 - DIMPE II, Indaiatuba - SP, 13347-459, Brasil",http://www.jllocacao.com.br/,https://maps.google.com/?cid=1401229667669617769&g_mp=Cidnb29nbGUubWFwcy5wbGFjZXMudjEuUGxhY2VzLlNlYXJjaFRleHQQAhgEIAA,aluguel de cacamba - Indaiatuba SP
JR Camargo,(19) 99834-4388,"R. Antonio Aleixo Neto, 140, Pedreira - SP, 13922-110, Brasil",https://www.facebook.com/jrcamargoequipamentos/?ref=bookmarks,https://maps.google.com/?cid=2008547184154070635&g_mp=Cidnb29nbGUubWFwcy5wbGFjZXMudjEuUGxhY2VzLlNlYXJjaFRleHQQAhgEIAA,aluguel de cacamba - Pedreira SP
"JR Terraplenagem e Caçambas - Terraplenagem, Demolições e Aluguel de Caçambas em Campinas",(19) 98131-5312,"R. Afonso Emanuelli, 1055 - Recanto dos Dourados, Campinas - SP, 13098-776, Brasil",https://jrterraplenagemecacambas.com.br/,https://maps.google.com/?cid=8268609556278906038&g_mp=Cidnb29nbGUubWFwcy5wbGFjZXMudjEuUGxhY2VzLlNlYXJjaFRleHQQAhgEIAA,aluguel de cacamba - Campinas SP
JUNIOR SOLUÇÕES,(19) 99466-0990,"R. Serra das Vertentes, 115 - Jardim Paranapanema, Campinas - SP, 13100-238, Brasil",,https://maps.google.com/?cid=3175031186268646678&g_mp=Cidnb29nbGUubWFwcy5wbGFjZXMudjEuUGxhY2VzLlNlYXJjaFRleHQQAhgEIAA,coleta de entulho - Campinas SP
Jadlog - LJ Holambra,(19) 99311-0865,"R. Campo do Pouso, 1287 - Secção A, Holambra - SP, 13825-000, Brasil",,https://maps.google.com/?cid=3525301491790825573&g_mp=Cidnb29nbGUubWFwcy5wbGFjZXMudjEuUGxhY2VzLlNlYXJjaFRleHQQAhgEIAA,aluguel de cacamba - Holambra SP
Japa Caçamba| Caçambas SCS e SA,(11) 99294-2155,"R. Rosa, 261 - Nova Gerti, São Caetano do Sul - SP, 09572-600, Brasil",,https://maps.google.com/?cid=14859954279533680463&g_mp=Cidnb29nbGUubWFwcy5wbGFjZXMudjEuUGxhY2VzLlNlYXJjaFRleHQQAhgEIAA,aluguel de cacamba - Sao Bernardo do Campo SP
Jomaq Caçambas,(19) 97412-2664,"R. Nelson do Amaral - Parque Res. Virginio Basso, Sumaré - SP, 13174-384, Brasil",,https://maps.google.com/?cid=10361692346819129469&g_mp=Cidnb29nbGUubWFwcy5wbGFjZXMudjEuUGxhY2VzLlNlYXJjaFRleHQQAhgEIAA,aluguel de cacamba - Sumare SP
Jorge do Caminhão,(11) 99218-1470,"R. Aparecida D'Oeste, 72 - Jardim Moreira, Guarulhos - SP, 07023-270, Brasil",,https://maps.google.com/?cid=3557482924199249780&g_mp=Cidnb29nbGUubWFwcy5wbGFjZXMudjEuUGxhY2VzLlNlYXJjaFRleHQQAhgEIAA,remocao de entulho - Guarulhos SP
Juan Entulhos,(19) 3206-0900,"R. César dos Santos, 84 - Parque Imperador, Campinas - SP, 13097-117, Brasil",http://www.juanentulhos.com.br/,https://maps.google.com/?cid=1157939919835230926&g_mp=Cidnb29nbGUubWFwcy5wbGFjZXMudjEuUGxhY2VzLlNlYXJjaFRleHQQAhgEIAA,coleta de entulho - Campinas SP
Juninho Carvalho Transporte de Flores e Plantas,(19) 97105-0386,"Secção A, Holambra - SP, 13825-000, Brasil",,https://maps.google.com/?cid=1201070672865249893&g_mp=Cidnb29nbGUubWFwcy5wbGFjZXMudjEuUGxhY2VzLlNlYXJjaFRleHQQAhgEIAA,aluguel de cacamba - Holambra SP
Júlio caçambas Guarulhos,(11) 96065-7521,"R. Delezinho de Almeida Franco, 337 - Vila Progresso, Guarulhos - SP, 07115-150, Brasil",,https://maps.google.com/?cid=6345378405500386444&g_mp=Cidnb29nbGUubWFwcy5wbGFjZXMudjEuUGxhY2VzLlNlYXJjaFRleHQQAhgEIAA,coleta de entulho - Guarulhos SP
Kato Entulho - Itatiba,(11) 4524-1038,"Av. Benedito Alves Barbosa Sobrinho, 856 - Loja5 - Jardim Santa Filomena, Itatiba - SP, 13256-580, Brasil",,https://maps.google.com/?cid=1454745654640600762&g_mp=Cidnb29nbGUubWFwcy5wbGFjZXMudjEuUGxhY2VzLlNlYXJjaFRleHQQAhgEIAA,aluguel de cacamba - Itatiba SP
King Caçambas,(19) 99100-8634,"R. Treze de Maio, 673 - Centro, Indaiatuba - SP, 13330-120, Brasil",,https://maps.google.com/?cid=6136834023005083325&g_mp=Cidnb29nbGUubWFwcy5wbGFjZXMudjEuUGxhY2VzLlNlYXJjaFRleHQQAhgEIAA,aluguel de cacamba - Indaiatuba SP
Km Caçambas,(19) 3243-5327,"R. Fernando da Cruz Passos, 251 - Jardim Chapadão, Campinas - SP, 13070-190, Brasil",http://www.kmentulho.com.br/,https://maps.google.com/?cid=14327627029975438758&g_mp=Cidnb29nbGUubWFwcy5wbGFjZXMudjEuUGxhY2VzLlNlYXJjaFRleHQQAhgEIAA,aluguel de cacamba - Campinas SP
Kubota Caçambas,(11) 97771-4000,"R Oratório, 5007 - Jardim Ana Maria, Santo André - SP, 09260-510, Brasil",http://www.kubotacacambas.com.br/,https://maps.google.com/?cid=2915003518615006808&g_mp=Cidnb29nbGUubWFwcy5wbGFjZXMudjEuUGxhY2VzLlNlYXJjaFRleHQQAhgEIAA,aluguel de cacamba - Santo Andre SP
LA Locação de Caçambas | Indaiatuba,(19) 99950-2345,"R. Turquesa, 359 - Recreio Campestre Jóia, Indaiatuba - SP, 13347-070, Brasil",https://lacacambas.com/,https://maps.google.com/?cid=4885147561120563937&g_mp=Cidnb29nbGUubWFwcy5wbGFjZXMudjEuUGxhY2VzLlNlYXJjaFRleHQQAhgEIAA,aluguel de cacamba - Indaiatuba SP
LAMBANÇA,(19) 99351-9150,"R. Francisco de Paula Lima, 599 - Jardim São Gabriel, Campinas - SP, 13045-270, Brasil",,https://maps.google.com/?cid=16773749807013171683&g_mp=Cidnb29nbGUubWFwcy5wbGFjZXMudjEuUGxhY2VzLlNlYXJjaFRleHQQAhgEIAA,coleta de entulho - Campinas SP
LC Remoção de Entulho,(11) 5549-1121,"Rua Rodrigues Pais, 244 - Chácara Santo Antônio (Zona Sul), São Paulo - SP, 04717-020, Brasil",http://www.lcremocaodeentulho.com.br/,https://maps.google.com/?cid=8652622590642596211&g_mp=Cidnb29nbGUubWFwcy5wbGFjZXMudjEuUGxhY2VzLlNlYXJjaFRleHQQAhgEIAA,coleta de entulho - Sao Paulo SP
LD Transporte e Remoção de caçambas SP,(11) 95038-7359,"Rua Carlos Facchina, 435 - Sl 01 - Americanópolis, São Paulo - SP, 04427-020, Brasil",https://diskcacambassp.com.br/,https://maps.google.com/?cid=2402845689920594382&g_mp=Cidnb29nbGUubWFwcy5wbGFjZXMudjEuUGxhY2VzLlNlYXJjaFRleHQQAhgEIAA,transporte de entulho - Sao Paulo SP
LF Biancalana & T Biancalana - Disk Entulho,(19) 3876-1683,"Av. Otávio Tasca, : 15 - Vila Junqueira, Vinhedo - SP, 13280-000, Brasil",,https://maps.google.com/?cid=9182814575695191818&g_mp=Cidnb29nbGUubWFwcy5wbGFjZXMudjEuUGxhY2VzLlNlYXJjaFRleHQQAhgEIAA,disk entulho - Valinhos SP
LOCAÇÃO DE CAÇAMBAS - GRANJA VIANA- COTIA - Caçambas para entulho -TERRA-MADEIRA-DIVERSOS EM COTIA - RIBEIROS,(11) 4612-5081,"R. do Amor Perfeito, 634 - Jardim Colibri, Cotia - SP, 06713-290, Brasil",https://sites.google.com/view/ribeiroscacamba/p%C3%A1gina-inicial,https://maps.google.com/?cid=10357656917643899462&g_mp=Cidnb29nbGUubWFwcy5wbGFjZXMudjEuUGxhY2VzLlNlYXJjaFRleHQQAhgEIAA,coleta de entulho - Osasco SP
LOCK CAÇAMBAS E TERRAPLANAGEM,(11) 2703-4246,"Av. Casa Grande, 1413 - Sl 5 - Vila Cunha Bueno, São Paulo - SP, 03260-000, Brasil",http://www.lockcacambas.com.br/,https://maps.google.com/?cid=14767406476299190529&g_mp=Cidnb29nbGUubWFwcy5wbGFjZXMudjEuUGxhY2VzLlNlYXJjaFRleHQQAhgEIAA,aluguel de cacamba - Sao Paulo SP
LOCK CAÇAMBAS E TRANSPORTES LTDA.,(11) 2501-6530,"R Oratório, 5311 - Jardim Ana Maria, Santo André - SP, 09260-510, Brasil",http://www.lockcacambas.com.br/,https://maps.google.com/?cid=6500894455795933034&g_mp=Cidnb29nbGUubWFwcy5wbGFjZXMudjEuUGxhY2VzLlNlYXJjaFRleHQQAhgEIAA,aluguel de cacamba - Santo Andre SP
LT Locação Máquinas Transportes Entulhos,(11) 3742-9064,"Av. Eliseu de Almeida, 2111 - Jardim Trussardi, São Paulo - SP, 05533-000, Brasil",http://www.ltloca.com.br/,https://maps.google.com/?cid=10003882829150372423&g_mp=Cidnb29nbGUubWFwcy5wbGFjZXMudjEuUGxhY2VzLlNlYXJjaFRleHQQAhgEIAA,transporte de entulho - Sao Paulo SP
Laert caçambas,(11) 94778-2393,"R. Excelsior, 106 - Vila Sao Rafael, Guarulhos - SP, 07053-150, Brasil",,https://maps.google.com/?cid=13382383828303192278&g_mp=Cidnb29nbGUubWFwcy5wbGFjZXMudjEuUGxhY2VzLlNlYXJjaFRleHQQAhgEIAA,coleta de entulho - Guarulhos SP
Laia Lix- Locação de Caçambas de Entulhos,(11) 95118-1677,"Av. Irmã Dulce, 236 - Jardim dos Bichinhos, São Paulo - SP, 04821-455, Brasil",http://laialix.com.br/,https://maps.google.com/?cid=12442711417533062913&g_mp=Cidnb29nbGUubWFwcy5wbGFjZXMudjEuUGxhY2VzLlNlYXJjaFRleHQQAhgEIAA,transporte de entulho - Sao Paulo SP
Lara & Tag Gestão de Resíduos e Locação de Caçambas,(19) 99806-9814,"R. Vécio José Alves, 196 - Jardim Franceschini, Sumaré - SP, 13170-023, Brasil",http://www.tagresiduos.com.br/,https://maps.google.com/?cid=17536040920751115493&g_mp=Cidnb29nbGUubWFwcy5wbGFjZXMudjEuUGxhY2VzLlNlYXJjaFRleHQQAhgEIAA,aluguel de cacamba - Sumare SP
Levadtudo,(11) 98439-9740,"Rua Palmumás, 320 - Vila Isolina Mazzei, São Paulo - SP, 02081-100, Brasil",https://www.levadtudo.com.br/,https://maps.google.com/?cid=15373989542010932459&g_mp=Cidnb29nbGUubWFwcy5wbGFjZXMudjEuUGxhY2VzLlNlYXJjaFRleHQQAhgEIAA,transporte de entulho - Sao Paulo SP
Lig Entulho - Locação de Caçambas para Remoção de Entulho,(19) 4106-1171,"R. Ibirapuera, 1693 - Jardim Ipiranga, Americana - SP, 13468-490, Brasil",https://www.facebook.com/LigEntulho,https://maps.google.com/?cid=9274838921818524453&g_mp=Cidnb29nbGUubWFwcy5wbGFjZXMudjEuUGxhY2VzLlNlYXJjaFRleHQQAhgEIAA,aluguel de cacamba - Americana SP
Litos,,"Av. Cel. Sezefredo Fagundes, 5043 - Tucuruvi, São Paulo - SP, 02367-075, Brasil",https://litosentulho.com.br/,https://maps.google.com/?cid=18222063575875449225&g_mp=Cidnb29nbGUubWFwcy5wbGFjZXMudjEuUGxhY2VzLlNlYXJjaFRleHQQAhgEIAA,aluguel de cacamba - Sao Paulo SP
Loc Solli Locação de Caçambas,(19) 98119-6179,"R. Mᵃ Aparecida Lozano Costa, 221 - Sala 01 - Dimpe II, Indaiatuba - SP, 13347-455, Brasil",http://www.locsolli.com.br/,https://maps.google.com/?cid=9891590835905358200&g_mp=Cidnb29nbGUubWFwcy5wbGFjZXMudjEuUGxhY2VzLlNlYXJjaFRleHQQAhgEIAA,aluguel de cacamba - Indaiatuba SP
Loca Norte Locação de Caçamba,(11) 93941-5467,"Av. Júlio Buono, 3448 - Vila Constança, São Paulo - SP, 02258-000, Brasil",,https://maps.google.com/?cid=16272254946444990117&g_mp=Cidnb29nbGUubWFwcy5wbGFjZXMudjEuUGxhY2VzLlNlYXJjaFRleHQQAhgEIAA,aluguel de cacamba - Sao Paulo SP
Locasul - Caçambas zona sul,(11) 99349-1979,"Alameda Gabriel Monteiro da Silva, 70 - Jardim America, São Paulo - SP, 01441-000, Brasil",https://locasulcacambas.com.br/,https://maps.google.com/?cid=7503640980045224628&g_mp=Cidnb29nbGUubWFwcy5wbGFjZXMudjEuUGxhY2VzLlNlYXJjaFRleHQQAhgEIAA,aluguel de cacamba - Sao Paulo SP
Locatudo - Locação de equipamentos em Itatiba - Betoneiras - Andaimes - Escoras - Caçambas para Entulho - Compactadores.,(11) 96414-9544,"Av. Prudente de Moraes, 295 - Sl 02 - Centro, Itatiba - SP, 13251-370, Brasil",http://locatudolocadora.com.br/,https://maps.google.com/?cid=12566402675646919546&g_mp=Cidnb29nbGUubWFwcy5wbGFjZXMudjEuUGxhY2VzLlNlYXJjaFRleHQQAhgEIAA,aluguel de cacamba - Itatiba SP
Locação Dica,(11) 98301-0182,"R. Afonso Braz, 275 - Vila Nova Conceição, São Paulo - SP, 04511-010, Brasil",http://www.dicalocacoes.com.br/,https://maps.google.com/?cid=8461037491087169182&g_mp=Cidnb29nbGUubWFwcy5wbGFjZXMudjEuUGxhY2VzLlNlYXJjaFRleHQQAhgEIAA,coleta de entulho - Sao Paulo SP
Locação de Caçambas Vila Augusta Guarulhos SP Flash Aluguel Remoção de Entulhos Aluguel,(11) 97513-7797,"Vila Augusta, Guarulhos - SP, 07025-060, Brasil",,https://maps.google.com/?cid=3086620464918758795&g_mp=Cidnb29nbGUubWFwcy5wbGFjZXMudjEuUGxhY2VzLlNlYXJjaFRleHQQAhgEIAA,aluguel de cacamba - Guarulhos SP
Locação de Caçambas de Entulho,(11) 98210-0578,"Av. dos Bandeirantes, 36 - Campo Belo, São Paulo - SP, 04553-000, Brasil",https://www.instagram.com/ocs.empresa/,https://maps.google.com/?cid=4687196107813219824&g_mp=Cidnb29nbGUubWFwcy5wbGFjZXMudjEuUGxhY2VzLlNlYXJjaFRleHQQAhgEIAA,remocao de entulho - Sao Paulo SP
Locações Artur Nogueira,(19) 3877-2798,"R. João Bombo, 368 - Parque Industrial Itamaraty, Artur Nogueira - SP, 13163-570, Brasil",https://locacoesarturnogueira.com.br/,https://maps.google.com/?cid=16706836249084476234&g_mp=Cidnb29nbGUubWFwcy5wbGFjZXMudjEuUGxhY2VzLlNlYXJjaFRleHQQAhgEIAA,aluguel de cacamba - Artur Nogueira SP
Lokcerto caçambas,(11) 99388-0405,"R. Cel. Rafael Tobias, 91 - Vila Sao Rafael, Guarulhos - SP, 07053-040, Brasil",https://lokcertocacambas.com.br/,https://maps.google.com/?cid=13314096081917834478&g_mp=Cidnb29nbGUubWFwcy5wbGFjZXMudjEuUGxhY2VzLlNlYXJjaFRleHQQAhgEIAA,aluguel de cacamba - Guarulhos SP
Lomec Holambra - Locação de Andaimes e Equipamentos para Construção,(19) 99972-0499,"Av. Primulas, 1164 - Secção A, Holambra - SP, 13825-000, Brasil",https://lomec.com.br/,https://maps.google.com/?cid=6404106346015246016&g_mp=Cidnb29nbGUubWFwcy5wbGFjZXMudjEuUGxhY2VzLlNlYXJjaFRleHQQAhgEIAA,aluguel de cacamba - Holambra SP
Lomec Jaguariuna - Locação de Andaimes e Equipamentos,(19) 3847-1103,"Rua Luiz Lana, 27 - Loteamento Capotuna, Jaguariúna - SP, 13912-186, Brasil",https://www.lomec.com.br/,https://maps.google.com/?cid=2891368828384353857&g_mp=Cidnb29nbGUubWFwcy5wbGFjZXMudjEuUGxhY2VzLlNlYXJjaFRleHQQAhgEIAA,aluguel de cacamba - Jaguariuna SP
Lopes Entulhos – Locação de Caçambas,(19) 3865-2001,"Rua Jesus Nogueira da Silva, (Antiga Três), 320 - Jardim Sao Camilo, Hortolândia - SP, 13184-743, Brasil",https://www.lopesentulho.com.br/index.php,https://maps.google.com/?cid=12187706692421781738&g_mp=Cidnb29nbGUubWFwcy5wbGFjZXMudjEuUGxhY2VzLlNlYXJjaFRleHQQAhgEIAA,aluguel de cacamba - Hortolandia SP
Luar Locação de Caçambas para Remoção de Entulhos,(11) 98404-6438,"Av. Rosa Molina Pannocchia, 412 - Jardim Valeria, Guarulhos - SP, 07124-543, Brasil",,https://maps.google.com/?cid=15877563533742841015&g_mp=Cidnb29nbGUubWFwcy5wbGFjZXMudjEuUGxhY2VzLlNlYXJjaFRleHQQAhgEIAA,aluguel de cacamba - Guarulhos SP
Lumalix Transporte de Entulhos e Resíduos Industriais Ltda,,"Av. Alexandrina Malisano de Lima, 210 - Jardim Herculano, São Paulo - SP, 04920-000, Brasil",,https://maps.google.com/?cid=6715647317188399897&g_mp=Cidnb29nbGUubWFwcy5wbGFjZXMudjEuUGxhY2VzLlNlYXJjaFRleHQQAhgEIAA,transporte de entulho - Sao Paulo SP
Lumax Remoção de Entulho,(11) 96288-5648,"R. Bento Freitas, 341 - 7 andar Conj. 71 - República, São Paulo - SP, 01220-000, Brasil",,https://maps.google.com/?cid=6775514391768204710&g_mp=Cidnb29nbGUubWFwcy5wbGFjZXMudjEuUGxhY2VzLlNlYXJjaFRleHQQAhgEIAA,remocao de entulho - Sao Paulo SP
Líder Eco frete - Remoções de entulhos,(11) 92505-7381,"R. John Crome, 41 - Casa 1 - Parque Bristol, São Paulo - SP, 04177-130, Brasil",http://liderecofrete.com.br/,https://maps.google.com/?cid=6989509151607760459&g_mp=Cidnb29nbGUubWFwcy5wbGFjZXMudjEuUGxhY2VzLlNlYXJjaFRleHQQAhgEIAA,coleta de entulho - Sao Paulo SP
"M A SERVIÇOS, ENTULHOS, SERVIÇOS DE MÁQUINAS,CAMINHÕES E LOCAÇÕES DE CAÇAMBAS E ROLLON",(19) 99272-5726,"Av. Pacífico Moneda, 96 - Jardim Imperial, Jaguariúna - SP, 13914-552, Brasil",,https://maps.google.com/?cid=3667413077745578338&g_mp=Cidnb29nbGUubWFwcy5wbGFjZXMudjEuUGxhY2VzLlNlYXJjaFRleHQQAhgEIAA,aluguel de cacamba - Jaguariuna SP
M&A Entulhos Ensacados,(11) 94803-1468,"R. Rizieri Negrini, 372 - Parque Fongaro, São Paulo - SP, 04257-143, Brasil",http://www.meaentulhos.com.br/,https://maps.google.com/?cid=2303165798956002661&g_mp=Cidnb29nbGUubWFwcy5wbGFjZXMudjEuUGxhY2VzLlNlYXJjaFRleHQQAhgEIAA,coleta de entulho - Sao Paulo SP
M.r. Entulho,(11) 4607-2226,"R. Rosa Burela Barbosa, 145 - Jardim Martins, Jundiaí - SP, 13210-270, Brasil",,https://maps.google.com/?cid=154885490197422830&g_mp=Cidnb29nbGUubWFwcy5wbGFjZXMudjEuUGxhY2VzLlNlYXJjaFRleHQQAhgEIAA,transporte de entulho - Campinas SP
MARILIX TERRAPLANAGEM,(11) 93001-8844,"R. Érico Veríssimo, 421 - Jardim Cambara, São Paulo - SP, 05560-000, Brasil",,https://maps.google.com/?cid=14006148186698450452&g_mp=Cidnb29nbGUubWFwcy5wbGFjZXMudjEuUGxhY2VzLlNlYXJjaFRleHQQAhgEIAA,transporte de entulho - Sao Paulo SP
MATÃO ENTULHOS LOC CAÇAMBAS,(19) 3864-2525,"Av. Santo Irineu, 360 - Jardim dos Oliveiras, Sumaré - SP, 13180-170, Brasil",,https://maps.google.com/?cid=7245324657034159766&g_mp=Cidnb29nbGUubWFwcy5wbGFjZXMudjEuUGxhY2VzLlNlYXJjaFRleHQQAhgEIAA,aluguel de cacamba - Sumare SP
MB Engenharia e Meio Ambiente,(19) 2119-5000,"R. das Acácias, 779 - Jardim Boa Vista, Hortolândia - SP, 13187-042, Brasil",http://www.mbengenharia.com/,https://maps.google.com/?cid=15848501958778791298&g_mp=Cidnb29nbGUubWFwcy5wbGFjZXMudjEuUGxhY2VzLlNlYXJjaFRleHQQAhgEIAA,coleta de entulho - Hortolandia SP
MBS caçambas sumare,(19) 99139-6190,"R. Dr. Francisco Queirós Guimarães, 90 - Chácara Bela Vista, Sumaré - SP, 13175-540, Brasil",http://mbscacambas.com.br/,https://maps.google.com/?cid=17799983493407354944&g_mp=Cidnb29nbGUubWFwcy5wbGFjZXMudjEuUGxhY2VzLlNlYXJjaFRleHQQAhgEIAA,aluguel de cacamba - Sumare SP
MC Caçambas,(19) 99574-4850,"R. Ema Frederici Geraldeli, 367 - Jardim Rosolem, Hortolândia - SP, 13185-310, Brasil",,https://maps.google.com/?cid=11235717047491420891&g_mp=Cidnb29nbGUubWFwcy5wbGFjZXMudjEuUGxhY2VzLlNlYXJjaFRleHQQAhgEIAA,transporte de entulho - Campinas SP
MH Caçambas e Tambores para entulho,(19) 98199-4328,"R. Piracanjuba, 2 - Jardim Dall'orto, Sumaré - SP, 13178-050, Brasil",https://mhterraplenagemecacambas.com/,https://maps.google.com/?cid=10275790934781018547&g_mp=Cidnb29nbGUubWFwcy5wbGFjZXMudjEuUGxhY2VzLlNlYXJjaFRleHQQAhgEIAA,remocao de entulho - Sumare SP
MM Caçambas e Betoneiras,(14) 99174-7776,"Av. Sampaio Vidal, 1313 - A - Centro, Marília - SP, 17519-460, Brasil",https://mmcacambas.com.br/,https://maps.google.com/?cid=9249439218727124000&g_mp=Cidnb29nbGUubWFwcy5wbGFjZXMudjEuUGxhY2VzLlNlYXJjaFRleHQQAhgEIAA,aluguel de cacamba - Holambra SP
MORAES CAÇAMBAS COLETA DE ENTULHOS,(19) 99327-7969,"R. Júlia Unti Dini, 44 - Jardim Chapadão, Campinas - SP, 13070-130, Brasil",,https://maps.google.com/?cid=17789505633562776089&g_mp=Cidnb29nbGUubWFwcy5wbGFjZXMudjEuUGxhY2VzLlNlYXJjaFRleHQQAhgEIAA,coleta de entulho - Campinas SP
MOVELIX LOCAÇÕES DE CAÇAMBAS,(11) 96732-7536,"R. Deus do Sol, 437 - Vila Itapegica, Guarulhos - SP, 07044-090, Brasil",https://movelixcacambas.com.br/,https://maps.google.com/?cid=16971056154378986831&g_mp=Cidnb29nbGUubWFwcy5wbGFjZXMudjEuUGxhY2VzLlNlYXJjaFRleHQQAhgEIAA,disk entulho - Guarulhos SP
MR Locação de Caçambas para entulho,(11) 2088-1138,"Estr. Elenco, 1160 - Jardim Sao Domingos, Guarulhos - SP, 07142-000, Brasil",https://www.facebook.com/mrremocao/,https://maps.google.com/?cid=7372134972963816608&g_mp=Cidnb29nbGUubWFwcy5wbGFjZXMudjEuUGxhY2VzLlNlYXJjaFRleHQQAhgEIAA,aluguel de cacamba - Guarulhos SP
MS AMBIENTAL - Aluguel de Caçambas,(11) 98582-4660,"Rua Muniz de Sousa, 400 - Aclimação, São Paulo - SP, 01513-030, Brasil",https://www.mscacamba.com.br/,https://maps.google.com/?cid=5765666088716871489&g_mp=Cidnb29nbGUubWFwcy5wbGFjZXMudjEuUGxhY2VzLlNlYXJjaFRleHQQAhgEIAA,aluguel de cacamba - Sao Paulo SP
Maranatha Coleta de Entulhos LOCAÇÃO DE CAÇAMBAS,(11) 91477-5859,"R. Alfredo Vaz Cerquinho, 615 - Parque Dos Cafezais I, Itupeva - SP, 13298-134, Brasil",https://maranathacoletas.com.br/#servicos,https://maps.google.com/?cid=10978488591241734695&g_mp=Cidnb29nbGUubWFwcy5wbGFjZXMudjEuUGxhY2VzLlNlYXJjaFRleHQQAhgEIAA,coleta de entulho - Indaiatuba SP
Marcelo do entulho,(11) 94088-3336,"R. Vasco Brancaleoni, 194 - Parque Maraba, Guarulhos - SP, 07050-310, Brasil",,https://maps.google.com/?cid=13156697910898023811&g_mp=Cidnb29nbGUubWFwcy5wbGFjZXMudjEuUGxhY2VzLlNlYXJjaFRleHQQAhgEIAA,remocao de entulho - Guarulhos SP
Marcos Fretes e Mudanças,(19) 99717-0439,"R. Prof. Pedro Cham Duarte Junior, 150 - Jardim San Marino, Santa Bárbara d'Oeste - SP, 13453-480, Brasil",https://wa.me/551999717-0439,https://maps.google.com/?cid=6872495341328101099&g_mp=Cidnb29nbGUubWFwcy5wbGFjZXMudjEuUGxhY2VzLlNlYXJjaFRleHQQAhgEIAA,transporte de entulho - Santa Barbara dOeste SP
Mark Carreto Cata Bagulho e Entulhos,(11) 93316-2351,"R. Ventura Branco - Jardim Matarazzo, São Paulo - SP, 03813-080, Brasil",,https://maps.google.com/?cid=10791263837060238276&g_mp=Cidnb29nbGUubWFwcy5wbGFjZXMudjEuUGxhY2VzLlNlYXJjaFRleHQQAhgEIAA,transporte de entulho - Sao Paulo SP
Marques Caçambas,(19) 97413-6480,"R. Marcelo Ferreira Albiere, Nº443 - Parque Res. Vila União, Campinas - SP, 13060-737, Brasil",http://www.facebook.com/cacambasmarques/,https://maps.google.com/?cid=9013283085051546973&g_mp=Cidnb29nbGUubWFwcy5wbGFjZXMudjEuUGxhY2VzLlNlYXJjaFRleHQQAhgEIAA,aluguel de cacamba - Campinas SP
Marvam Caçambas - Guarulhos,,"Av. Monteiro Lobato,1800 - terreo - Jardim Sao Joao, Guarulhos - SP, 07143-000, Brasil",http://www.marvancacambas.com.br/,https://maps.google.com/?cid=2378500064693722194&g_mp=Cidnb29nbGUubWFwcy5wbGFjZXMudjEuUGxhY2VzLlNlYXJjaFRleHQQAhgEIAA,coleta de entulho - Guarulhos SP
Medeiro Ambiental - Aluguel de Caçamba,(11) 94949-5008,"R. Rodrigues de Medeiros, 69 - Balneário Mar Paulista, São Paulo - SP, 04464-050, Brasil",http://www.medeiroambiental.com.br/,https://maps.google.com/?cid=5738682049472637273&g_mp=Cidnb29nbGUubWFwcy5wbGFjZXMudjEuUGxhY2VzLlNlYXJjaFRleHQQAhgEIAA,aluguel de cacamba - Sao Paulo SP
Mega Ambiental,(11) 4332-5566,"R. José Martins Fernandes, 435 - Batistini, São Bernardo do Campo - SP, 09843-400, Brasil",http://www.megaambiental.com/,https://maps.google.com/?cid=700253315936035811&g_mp=Cidnb29nbGUubWFwcy5wbGFjZXMudjEuUGxhY2VzLlNlYXJjaFRleHQQAhgEIAA,coleta de entulho - Sao Bernardo do Campo SP
Mes Locações,(19) 3812-3870,"R. Benedito de Morães Machado, 198 - Parque Res. das Andorinhas, Cosmópolis - SP, 13150-000, Brasil",http://meslocacoes.com.br/,https://maps.google.com/?cid=15309813287060476495&g_mp=Cidnb29nbGUubWFwcy5wbGFjZXMudjEuUGxhY2VzLlNlYXJjaFRleHQQAhgEIAA,aluguel de cacamba - Cosmopolis SP
Moisés Terra e Entulho - Locação de caçambas,(11) 4421-7079,"Tv. Ver. Nicola Tortorelli, N° 25 - Vila Palmares, Santo André - SP, 09061-403, Brasil",,https://maps.google.com/?cid=17931054909037380696&g_mp=Cidnb29nbGUubWFwcy5wbGFjZXMudjEuUGxhY2VzLlNlYXJjaFRleHQQAhgEIAA,remocao de entulho - Santo Andre SP
Motoboy Guarulhos - R.E. Express,(11) 2229-1866,"R. Alemanha, 230 - Jardim Sao Francisco, Guarulhos - SP, 07195-180, Brasil",https://www.reexpress.com.br/,https://maps.google.com/?cid=2121787867776967216&g_mp=Cidnb29nbGUubWFwcy5wbGFjZXMudjEuUGxhY2VzLlNlYXJjaFRleHQQAhgEIAA,transporte de entulho - Guarulhos SP
"Ms Caçambas, Aluguel e Locacao de cacambas casa verde, santana, Pinheiros, santana, Bras, Vila Madalena, Perdizes.",(11) 95850-7089,"R. Eng. Franco Zampari, 138 - Casa Verde, São Paulo - SP, 02510-090, Brasil",,https://maps.google.com/?cid=13986505526509147878&g_mp=Cidnb29nbGUubWFwcy5wbGFjZXMudjEuUGxhY2VzLlNlYXJjaFRleHQQAhgEIAA,aluguel de cacamba - Sao Paulo SP
Multilix ATT,(11) 2241-0006,"Rodovia Fernão Dias km88,7 - Vila Itapegica, Guarulhos - SP, 07053-171, Brasil",https://www.multilix.com.br/,https://maps.google.com/?cid=8162136028588843458&g_mp=Cidnb29nbGUubWFwcy5wbGFjZXMudjEuUGxhY2VzLlNlYXJjaFRleHQQAhgEIAA,disk entulho - Guarulhos SP
NG LOCAÇÃO DE CAÇAMBA,(11) 96689-2708,"R. Algarve, 72 - Jardim Maria Clara, Guarulhos - SP, 07161-749, Brasil",,https://maps.google.com/?cid=17296739532309767978&g_mp=Cidnb29nbGUubWFwcy5wbGFjZXMudjEuUGxhY2VzLlNlYXJjaFRleHQQAhgEIAA,aluguel de cacamba - Guarulhos SP
Na lata remoções | Retirada de entulhos Campinas,(19) 99180-6497,"R. Croata, 350 - Parque Universitario de Viracopos, Campinas - SP, 13056-469, Brasil",http://nalataremocoesdeentulhos.webnode.page/,https://maps.google.com/?cid=2025976217459216748&g_mp=Cidnb29nbGUubWFwcy5wbGFjZXMudjEuUGxhY2VzLlNlYXJjaFRleHQQAhgEIAA,coleta de entulho - Campinas SP
Nacional Caçambas Indaiatuba,(19) 99294-3258,"R. Ônix, 101 - Recreio Campestre Jóia, Indaiatuba - SP, 13347-110, Brasil",https://www.facebook.com/people/Nacional-Ca%C3%A7ambas/100063640534784/,https://maps.google.com/?cid=1025998811428219473&g_mp=Cidnb29nbGUubWFwcy5wbGFjZXMudjEuUGxhY2VzLlNlYXJjaFRleHQQAhgEIAA,aluguel de cacamba - Indaiatuba SP
Nadia Maeda Corretora de Imóveis Holambra,(19) 99264-5247,"R. Zwolle, 259 - Nova Holanda, Holambra - SP, 13828-136, Brasil",https://www.nadiaimoveisholambra.com.br/,https://maps.google.com/?cid=18163795969039546523&g_mp=Cidnb29nbGUubWFwcy5wbGFjZXMudjEuUGxhY2VzLlNlYXJjaFRleHQQAhgEIAA,aluguel de cacamba - Holambra SP
Nando pequenos carretos e retirada de materiais para descarte,(11) 98809-2060,"R. Paraúna, 421 - Parque João Ramalho, Santo André - SP, 09290-230, Brasil",,https://maps.google.com/?cid=16122006031923636189&g_mp=Cidnb29nbGUubWFwcy5wbGFjZXMudjEuUGxhY2VzLlNlYXJjaFRleHQQAhgEIAA,remocao de entulho - Santo Andre SP
Nature clean,,"R. Quinze, 1374 - Jardim Sao Francisco (Nova Veneza), Sumaré - SP, 13183-091, Brasil",,https://maps.google.com/?cid=3542236865680949497&g_mp=Cidnb29nbGUubWFwcy5wbGFjZXMudjEuUGxhY2VzLlNlYXJjaFRleHQQAhgEIAA,coleta de entulho - Sumare SP
New Caçambas e Coletas SP - Aluguel e Locação de Caçambas de entulho em SP,(11) 95439-1552,"R. Antônio Júlio dos Santos, 161 - Morumbi, São Paulo - SP, 05661-020, Brasil",,https://maps.google.com/?cid=16247870826657993349&g_mp=Cidnb29nbGUubWFwcy5wbGFjZXMudjEuUGxhY2VzLlNlYXJjaFRleHQQAhgEIAA,coleta de entulho - Sao Paulo SP
Nicolau Caçambas,(19) 3829-1111,"R. Paschoal Nicolau, 160 - Vila Moletta, Valinhos - SP, 13272-003, Brasil",,https://maps.google.com/?cid=2735648431049021020&g_mp=Cidnb29nbGUubWFwcy5wbGFjZXMudjEuUGxhY2VzLlNlYXJjaFRleHQQAhgEIAA,coleta de entulho - Campinas SP
"Nobre entulho, Amadeu",(11) 97091-5872,"R. dos Vianas, 3830 - Baeta Neves, São Bernardo do Campo - SP, 09761-000, Brasil",,https://maps.google.com/?cid=2671947565378143091&g_mp=Cidnb29nbGUubWFwcy5wbGFjZXMudjEuUGxhY2VzLlNlYXJjaFRleHQQAhgEIAA,remocao de entulho - Sao Bernardo do Campo SP
Nogueirafossas Opção,(19) 3199-8062,"Limpa Fossa - R. 24 de Outubro, 1780 - Jardim de Faveri, Artur Nogueira - SP, 13160-000, Brasil",https://nogueiravac.com.br/,https://maps.google.com/?cid=6322455523494076940&g_mp=Cidnb29nbGUubWFwcy5wbGFjZXMudjEuUGxhY2VzLlNlYXJjaFRleHQQAhgEIAA,remocao de entulho - Artur Nogueira SP
Nogueirense Materiais de Construção,(19) 3877-1616,"R. Santo de Fáveri, 1220 - Jardim de Faveri, Artur Nogueira - SP, 13163-104, Brasil",https://materiaisnogueirense.com.br/,https://maps.google.com/?cid=16348698489579168734&g_mp=Cidnb29nbGUubWFwcy5wbGFjZXMudjEuUGxhY2VzLlNlYXJjaFRleHQQAhgEIAA,disk entulho - Artur Nogueira SP
Nova Osasco Coletora de Resíduos Industriais LTDA,(11) 3603-0440,"R. Frei Caneca, 4 - Piratininga, Osasco - SP, 06230-060, Brasil",http://www.novaosasco.com.br/,https://maps.google.com/?cid=5897688526837071761&g_mp=Cidnb29nbGUubWFwcy5wbGFjZXMudjEuUGxhY2VzLlNlYXJjaFRleHQQAhgEIAA,coleta de entulho - Osasco SP
Novis Caçambas de Entulho,(19) 98901-0594,"R. Fernando de Andrade Júnior, 156 - Jardim Conceição, Campinas - SP, 13105-076, Brasil",,https://maps.google.com/?cid=16520297650342206867&g_mp=Cidnb29nbGUubWFwcy5wbGFjZXMudjEuUGxhY2VzLlNlYXJjaFRleHQQAhgEIAA,aluguel de cacamba - Campinas SP
OCS Remoção de caçambas de entulhos Ltda,(11) 5674-0588,"Av. Dr. Ulysses Guimarães, 1140 - Vila Nogueira, Diadema - SP, 09990-080, Brasil",http://www.ocscacambas.com.br/,https://maps.google.com/?cid=17126864690947044711&g_mp=Cidnb29nbGUubWFwcy5wbGFjZXMudjEuUGxhY2VzLlNlYXJjaFRleHQQAhgEIAA,aluguel de cacamba - Sao Paulo SP
OPEN Caçambas Brás SP,(11) 96816-0514,"R. Dr. Carlos Botelho, 139 - Brás, São Paulo - SP, 03017-010, Brasil",,https://maps.google.com/?cid=8404470585037372372&g_mp=Cidnb29nbGUubWFwcy5wbGFjZXMudjEuUGxhY2VzLlNlYXJjaFRleHQQAhgEIAA,coleta de entulho - Sao Paulo SP
OPEN caçambas Canindé SP,(11) 96816-0514,"R. Araguaia, 140 - Canindé, São Paulo - SP, 03034-000, Brasil",,https://maps.google.com/?cid=7306409706542741585&g_mp=Cidnb29nbGUubWFwcy5wbGFjZXMudjEuUGxhY2VzLlNlYXJjaFRleHQQAhgEIAA,coleta de entulho - Sao Paulo SP
OPEN caçambas Guarulhos SP,(11) 96816-0514,"Tv. da Bica, 3 - Conj. Res. Paes de Barros, Guarulhos - SP, 07182-133, Brasil",,https://maps.google.com/?cid=5188751502472918197&g_mp=Cidnb29nbGUubWFwcy5wbGFjZXMudjEuUGxhY2VzLlNlYXJjaFRleHQQAhgEIAA,coleta de entulho - Guarulhos SP
OPEN caçambas pinheiros SP,(11) 96816-0514,"R. Francisco Iasi - Pinheiros, São Paulo - SP, 05407-050, Brasil",,https://maps.google.com/?cid=13795787361615049341&g_mp=Cidnb29nbGUubWFwcy5wbGFjZXMudjEuUGxhY2VzLlNlYXJjaFRleHQQAhgEIAA,coleta de entulho - Sao Paulo SP
OPEN caçambas vila da saude,(11) 96816-0514,"R. Alcatrazes, 63 - Vila da Saúde, São Paulo - SP, 04144-110, Brasil",,https://maps.google.com/?cid=14019172549079108042&g_mp=Cidnb29nbGUubWFwcy5wbGFjZXMudjEuUGxhY2VzLlNlYXJjaFRleHQQAhgEIAA,coleta de entulho - Sao Paulo SP
Obra Limpa ltda,(19) 99785-8595,"R. Col. de Minas, 268 - Vila Mimosa, Campinas - SP, 13050-145, Brasil",https://www.obralimpacampinas.com.br/,https://maps.google.com/?cid=342987181259953237&g_mp=Cidnb29nbGUubWFwcy5wbGFjZXMudjEuUGxhY2VzLlNlYXJjaFRleHQQAhgEIAA,coleta de entulho - Campinas SP
Oliveira Terraplanagem,(19) 99451-3830,"Rua Laura Miranda, 341 - Jd de Faveri, Artur Nogueira - SP, 13160-000, Brasil",https://terraplanagem.ueniweb.com/?utm_campaign=gmb,https://maps.google.com/?cid=4113922737223832418&g_mp=Cidnb29nbGUubWFwcy5wbGFjZXMudjEuUGxhY2VzLlNlYXJjaFRleHQQAhgEIAA,transporte de entulho - Artur Nogueira SP
Open Caçambas Aluguel Guarulhos SP,(11) 96816-0514,"Av. Dr. Carlos de Campos, 145 - Parque Renato Maia, Guarulhos - SP, 07114-230, Brasil",,https://maps.google.com/?cid=8885902563245478152&g_mp=Cidnb29nbGUubWFwcy5wbGFjZXMudjEuUGxhY2VzLlNlYXJjaFRleHQQAhgEIAA,coleta de entulho - Guarulhos SP
Open Caçambas em Santo André,(11) 96816-0514,"Vila Lutécia, Santo André - SP, 09130-260, Brasil",,https://maps.google.com/?cid=9267123627958266772&g_mp=Cidnb29nbGUubWFwcy5wbGFjZXMudjEuUGxhY2VzLlNlYXJjaFRleHQQAhgEIAA,remocao de entulho - Santo Andre SP
Open Locação de Caçambas Vila Olímpia,(11) 96816-0514,"Caça Vazamentos de Gás - R. Gomes de Carvalho, 1000-1096 - Vila Olímpia, São Paulo - SP, 04547-004, Brasil",,https://maps.google.com/?cid=6650667484415011825&g_mp=Cidnb29nbGUubWFwcy5wbGFjZXMudjEuUGxhY2VzLlNlYXJjaFRleHQQAhgEIAA,coleta de entulho - Sao Paulo SP
Open caçambas Belenzinho SP,(11) 96816-0514,"R. João Pauletto, 12 - Belenzinho, São Paulo - SP, 03059-035, Brasil",,https://maps.google.com/?cid=674944198685263734&g_mp=Cidnb29nbGUubWFwcy5wbGFjZXMudjEuUGxhY2VzLlNlYXJjaFRleHQQAhgEIAA,coleta de entulho - Sao Paulo SP
Osvaldo Entulho,(19) 3875-3671,"R. Christiano Seleguin, 441 - Parque Res. Indaia, Indaiatuba - SP, 13332-070, Brasil",,https://maps.google.com/?cid=4516330246215708665&g_mp=Cidnb29nbGUubWFwcy5wbGFjZXMudjEuUGxhY2VzLlNlYXJjaFRleHQQAhgEIAA,aluguel de cacamba - Indaiatuba SP
Oucimar Areia & Caçambas - Containers - Terraplanagem - Fundações (Brocas e Baldrame),(19) 3936-2586,"R. João Giaquinto, 236 - Jardim Hubert, Indaiatuba - SP, 13345-809, Brasil",https://oucimar.com.br/,https://maps.google.com/?cid=10729465565955064454&g_mp=Cidnb29nbGUubWFwcy5wbGFjZXMudjEuUGxhY2VzLlNlYXJjaFRleHQQAhgEIAA,aluguel de cacamba - Indaiatuba SP
PEV 3 – Jardim Interlagos,,"Rua Rio Tapajós - Jardim Interlagos, Hortolândia - SP, 13186-650, Brasil",,https://maps.google.com/?cid=18047426493515822158&g_mp=Cidnb29nbGUubWFwcy5wbGFjZXMudjEuUGxhY2VzLlNlYXJjaFRleHQQAhgEIAA,coleta de entulho - Hortolandia SP
PEV 5,,"Vila Real, Hortolândia - SP, 13183-091, Brasil",,https://maps.google.com/?cid=12772211197255338148&g_mp=Cidnb29nbGUubWFwcy5wbGFjZXMudjEuUGxhY2VzLlNlYXJjaFRleHQQAhgEIAA,disk entulho - Hortolandia SP
PEV 6 - Jardim Amanda,,"R. Augusto dos Anjos, 1 - Jardim Amanda I, Hortolândia - SP, 13188-251, Brasil",,https://maps.google.com/?cid=10179762951192965889&g_mp=Cidnb29nbGUubWFwcy5wbGFjZXMudjEuUGxhY2VzLlNlYXJjaFRleHQQAhgEIAA,coleta de entulho - Hortolandia SP
PEV 7 – Pq. Orestes Ôngaro,,"Rua Rio Pardo (antiga Rua 13), 50 - Parque Orestes Ongaro, Hortolândia - SP, 13186-473, Brasil",,https://maps.google.com/?cid=6535352223791204520&g_mp=Cidnb29nbGUubWFwcy5wbGFjZXMudjEuUGxhY2VzLlNlYXJjaFRleHQQAhgEIAA,disk entulho - Hortolandia SP
"PK Transportes e Logística LTDA| Fretes, carretos e retirada de entulho em São Paulo",(11) 96977-7962,"Av. Ten. Amaro Felicíssimo da Silveira - Vila Maria, São Paulo - SP, 02177-000, Brasil",https://lime-wallaby-384811.builder-preview.com/,https://maps.google.com/?cid=163225229029056822&g_mp=Cidnb29nbGUubWFwcy5wbGFjZXMudjEuUGxhY2VzLlNlYXJjaFRleHQQAhgEIAA,remocao de entulho - Sao Paulo SP
PLANETA CAÇAMBAS,(11) 4112-3998,"R. João da Silva Fernandes, 100 - Vila Rosaria, São Paulo - SP, 08021-440, Brasil",http://planetacacambas.com.br/,https://maps.google.com/?cid=1707368977701673309&g_mp=Cidnb29nbGUubWFwcy5wbGFjZXMudjEuUGxhY2VzLlNlYXJjaFRleHQQAhgEIAA,aluguel de cacamba - Sao Paulo SP
Papa Entulho Locação De Caçambas,,"R. Americana, 333 - Res. Sao Joaquim, Santa Bárbara d'Oeste - SP, 13453-619, Brasil",,https://maps.google.com/?cid=13215987375785038929&g_mp=Cidnb29nbGUubWFwcy5wbGFjZXMudjEuUGxhY2VzLlNlYXJjaFRleHQQAhgEIAA,coleta de entulho - Santa Barbara dOeste SP
Papa Entulho Locação de Caçambas,(19) 3458-2470,"R. Juvenal Pizzolato, 11 - Terrazul, Santa Bárbara d'Oeste - SP, 13453-507, Brasil",https://cacambapapaentulho.com.br/,https://maps.google.com/?cid=17283054446462560824&g_mp=Cidnb29nbGUubWFwcy5wbGFjZXMudjEuUGxhY2VzLlNlYXJjaFRleHQQAhgEIAA,aluguel de cacamba - Santa Barbara dOeste SP
Parrela Caçambas SP - Aluguel e Locação de Caçambas de entulho em SP,(11) 99224-6828,"Rua Brasilina Fonseca, 255 - Vila Campestre, São Paulo - SP, 04331-020, Brasil",https://www.alugueldecacambasp.com/,https://maps.google.com/?cid=1343173429383540590&g_mp=Cidnb29nbGUubWFwcy5wbGFjZXMudjEuUGxhY2VzLlNlYXJjaFRleHQQAhgEIAA,aluguel de cacamba - Sao Paulo SP
Pass Transportes e Servicos Ambientais,(19) 2660-2898,"Alameda Itajubá, 3122 - Joapiranga, Valinhos - SP, 13274-465, Brasil",https://passambiental.com.br/,https://maps.google.com/?cid=2228287067969207927&g_mp=Cidnb29nbGUubWFwcy5wbGFjZXMudjEuUGxhY2VzLlNlYXJjaFRleHQQAhgEIAA,transporte de entulho - Valinhos SP
"Paulo Mudanças, Fretes e Recolhe Entulho no ABC.",(11) 94016-8304,"R. Silveira Martins - Parque das Nações, Santo André - SP, 09210-000, Brasil",https://sites.google.com/view/paulofreteabc,https://maps.google.com/?cid=10580906845814469203&g_mp=Cidnb29nbGUubWFwcy5wbGFjZXMudjEuUGxhY2VzLlNlYXJjaFRleHQQAhgEIAA,transporte de entulho - Sao Paulo SP
Paulão Caçambas,(19) 3829-0499,"R. Campos Salles - Vila Faustina II, Valinhos - SP, 13272-350, Brasil",http://paulaocacambas.com/,https://maps.google.com/?cid=16433557048335770541&g_mp=Cidnb29nbGUubWFwcy5wbGFjZXMudjEuUGxhY2VzLlNlYXJjaFRleHQQAhgEIAA,coleta de entulho - Campinas SP
"Pegue - Fretes, Guincho e Entregas",(11) 97036-3713,"R. Armênia, 512a - 2 andar - Pres. Altino, Osasco - SP, 06210-138, Brasil",https://www.google.com/search?q=pegue+-+fretes%2C+guincho+e+entregas&rlz=1C1VDKB_pt-PTBR1072BR1072&oq=peg&gs_lcrp=EgZjaHJvbWUqBggDECMYJzIGCAAQRRg5Mg0IARAuGMcBGNEDGIAEMgYIAhBFGEAyBggDECMYJzIGCAQQIxgnMgYIBRBFGD0yBggGEEUYPTIGCAcQRRg90gEINDU3NGowajeoAgCwAgA&sourceid=chrome&ie=UTF-8#lpc=lpc,https://maps.google.com/?cid=635882358035209251&g_mp=Cidnb29nbGUubWFwcy5wbGFjZXMudjEuUGxhY2VzLlNlYXJjaFRleHQQAhgEIAA,coleta de entulho - Osasco SP
Pev - Macedo,(11) 2468-7206,"Atrás Do Corpo De Bombeiros - R. Sold. Estanislau Wojcik, 26 - Vila Sant Anna, Guarulhos - SP, 07112-210, Brasil",,https://maps.google.com/?cid=2394209339295627394&g_mp=Cidnb29nbGUubWFwcy5wbGFjZXMudjEuUGxhY2VzLlNlYXJjaFRleHQQAhgEIAA,coleta de entulho - Guarulhos SP
Pev Continental - Ponto de Entrega Voluntária,(11) 2468-7206,"Atrás Do Ceu Continental - R. Valdimiro Laurentino Pêssoa, 655 - Parque Continental II, Guarulhos - SP, 07084-156, Brasil",,https://maps.google.com/?cid=2193861631510788180&g_mp=Cidnb29nbGUubWFwcy5wbGFjZXMudjEuUGxhY2VzLlNlYXJjaFRleHQQAhgEIAA,coleta de entulho - Guarulhos SP
Picoli Entulho,(11) 4538-3370,"Rua João Thomazini, 308 - Jardim Mexico, Itatiba - SP, 13253-430, Brasil",http://picolientulhoeagua.com.br/,https://maps.google.com/?cid=777671598378865749&g_mp=Cidnb29nbGUubWFwcy5wbGFjZXMudjEuUGxhY2VzLlNlYXJjaFRleHQQAhgEIAA,aluguel de cacamba - Itatiba SP
Planeta Terra - Locação de caçamba para coleta de entulhos.,,"R. João Assunção, 793 - Parque Sao Miguel, Guarulhos - SP, 07260-140, Brasil",https://wa.me/5511950839091?text=Ol%C3%A1!%20Encontrei%20a%20empresa%20Planeta%20Terra%20no%20Google%20e%20gostaria%20de%20saber%20mais%20sobre%20os%20servi%C3%A7os%20de%20loca%C3%A7%C3%A3o%20de%20ca%C3%A7ambas.,https://maps.google.com/?cid=15408122431442778176&g_mp=Cidnb29nbGUubWFwcy5wbGFjZXMudjEuUGxhY2VzLlNlYXJjaFRleHQQAhgEIAA,disk entulho - Guarulhos SP
Point Blue Caçambas,(11) 2537-5787,"Praça Leonardo de Barros Carvalho, 05 - Vila Nhocuné, São Paulo - SP, 03559-090, Brasil",https://pointblue.com.br/,https://maps.google.com/?cid=13287250662756414499&g_mp=Cidnb29nbGUubWFwcy5wbGFjZXMudjEuUGxhY2VzLlNlYXJjaFRleHQQAhgEIAA,aluguel de cacamba - Sao Paulo SP
Ponto Cidadão,(19) 3816-9272,"R. Vinte e Quatro de Maio, 1670 - Centro, Indaiatuba - SP, 13330-060, Brasil",http://www.indaiatuba.sp.gov.br/,https://maps.google.com/?cid=6296322181458420875&g_mp=Cidnb29nbGUubWFwcy5wbGFjZXMudjEuUGxhY2VzLlNlYXJjaFRleHQQAhgEIAA,coleta de entulho - Indaiatuba SP
Ponto de Coleta de entulho,,"Rua Rio Tapajós - Jardim Interlagos, Hortolândia - SP, 13186-650, Brasil",,https://maps.google.com/?cid=9890163603284859737&g_mp=Cidnb29nbGUubWFwcy5wbGFjZXMudjEuUGxhY2VzLlNlYXJjaFRleHQQAhgEIAA,coleta de entulho - Campinas SP
Ponto de Entrega Voluntária PEV 13,,"R. Professsor Lúcio Alves da Costa, 90 - Lot. Adventista Campineiro, Hortolândia - SP, 13187-170, Brasil",,https://maps.google.com/?cid=10134712363463685137&g_mp=Cidnb29nbGUubWFwcy5wbGFjZXMudjEuUGxhY2VzLlNlYXJjaFRleHQQAhgEIAA,coleta de entulho - Hortolandia SP
Ponto de trabalho,,"R. Irene Pereira Leitão, 53 - Aliança, Osasco - SP, 06236-290, Brasil",,https://maps.google.com/?cid=2021384298679660593&g_mp=Cidnb29nbGUubWFwcy5wbGFjZXMudjEuUGxhY2VzLlNlYXJjaFRleHQQAhgEIAA,coleta de entulho - Osasco SP
Portal Nogueirense,(19) 3877-3764,"Upper Floor - R. Maria Marson Sia, 501 - São Vicente, Artur Nogueira - SP, 13163-200, Brasil",http://www.nogueirense.com.br/,https://maps.google.com/?cid=6893910641955069578&g_mp=Cidnb29nbGUubWFwcy5wbGFjZXMudjEuUGxhY2VzLlNlYXJjaFRleHQQAhgEIAA,transporte de entulho - Artur Nogueira SP
Prado Caçambas Campinas,(19) 3276-3017,"R Dr Talmir Russo Boa Vista 42 Swiss Park 13049-466 R. Masao Muryama, 32 R Agnaldo Macedo 790 - R. Manoel Tomé da Silva, 17 - Jardim dos Oliveiras, Campinas - SP, 13042-630, Brasil",http://www.pradocacambas.com.br/,https://maps.google.com/?cid=1082698701935803866&g_mp=Cidnb29nbGUubWFwcy5wbGFjZXMudjEuUGxhY2VzLlNlYXJjaFRleHQQAhgEIAA,aluguel de cacamba - Campinas SP
Prefeitura de Artur Nogueira,(19) 3827-9700,"R. XV de Novembro, 1400 - Centro, Artur Nogueira - SP, 13160-000, Brasil",http://www.arturnogueira.sp.gov.br/,https://maps.google.com/?cid=11261549828944866505&g_mp=Cidnb29nbGUubWFwcy5wbGFjZXMudjEuUGxhY2VzLlNlYXJjaFRleHQQAhgEIAA,transporte de entulho - Artur Nogueira SP
Preserve a Natureza Caçambas,(11) 96107-8016,"R. Barão de Monte Santo, 441 - Mooca, São Paulo - SP, 03123-020, Brasil",,https://maps.google.com/?cid=17034765146718405861&g_mp=Cidnb29nbGUubWFwcy5wbGFjZXMudjEuUGxhY2VzLlNlYXJjaFRleHQQAhgEIAA,remocao de entulho - Sao Paulo SP
Primotec Caçambas,(11) 95193-9965,"R. José Francisco de Freitas, 236 - Jardim Maria Rita, São Paulo - SP, 04814-180, Brasil",https://cacambasprimotec.com.br/,https://maps.google.com/?cid=350214399595435541&g_mp=Cidnb29nbGUubWFwcy5wbGFjZXMudjEuUGxhY2VzLlNlYXJjaFRleHQQAhgEIAA,transporte de entulho - Sao Paulo SP
Pró Caçambas ABCD,(11) 93031-8961,"R. Carneiro de Campos, 557 - Jardim Stella, Santo André - SP, 09185-430, Brasil",https://www.procacambasabcd.com.br/,https://maps.google.com/?cid=7532038287382141906&g_mp=Cidnb29nbGUubWFwcy5wbGFjZXMudjEuUGxhY2VzLlNlYXJjaFRleHQQAhgEIAA,aluguel de cacamba - Santo Andre SP
Quinelatto Caçambas | Locação de Caçambas em Campinas,(19) 3227-4181,"R. Ernesto Alves Filho, 907 - Jardim Campos Eliseos, Campinas - SP, 13050-057, Brasil",http://www.quinelattocacambas.com.br/,https://maps.google.com/?cid=18276404628122605800&g_mp=Cidnb29nbGUubWFwcy5wbGFjZXMudjEuUGxhY2VzLlNlYXJjaFRleHQQAhgEIAA,aluguel de cacamba - Campinas SP
R&V locação de caçambas,(11) 94394-5052,"Rua Manuel Morais Pontes, 371 - Vila Albertina, São Paulo - SP, 02373-000, Brasil",,https://maps.google.com/?cid=3849954886461726219&g_mp=Cidnb29nbGUubWFwcy5wbGFjZXMudjEuUGxhY2VzLlNlYXJjaFRleHQQAhgEIAA,transporte de entulho - Sao Paulo SP
REMOÇÃO ECOFRETE,(11) 99951-1132,"R. João Lanhoso, 85 - São João Climaco, São Paulo - SP, 04240-070, Brasil",https://www.remocaoecofrete.com/,https://maps.google.com/?cid=2389519528612906625&g_mp=Cidnb29nbGUubWFwcy5wbGFjZXMudjEuUGxhY2VzLlNlYXJjaFRleHQQAhgEIAA,transporte de entulho - Sao Paulo SP
REMOÇÕES ENTULHOS E DESCARTE DE MÓVEIS,(11) 93352-1306,"Vila Galvão, Guarulhos - SP, 07223-050, Brasil",,https://maps.google.com/?cid=15978866075673691139&g_mp=Cidnb29nbGUubWFwcy5wbGFjZXMudjEuUGxhY2VzLlNlYXJjaFRleHQQAhgEIAA,remocao de entulho - Guarulhos SP
RG Entulhos,(11) 94705-6953,"R. Manoel Ferraz - Vila Humaita, Santo André - SP, 09121-240, Brasil",https://www.rgentulho.com.br/,https://maps.google.com/?cid=7534257356643819956&g_mp=Cidnb29nbGUubWFwcy5wbGFjZXMudjEuUGxhY2VzLlNlYXJjaFRleHQQAhgEIAA,aluguel de cacamba - Santo Andre SP
RMJ CAÇAMBAS,(11) 4451-6078,"R. Otávio Cândido, 259 - Jardim Las Vegas, Santo André - SP, 09182-710, Brasil",https://www.rmjcacambas.com.br/,https://maps.google.com/?cid=15271296630496213434&g_mp=Cidnb29nbGUubWFwcy5wbGFjZXMudjEuUGxhY2VzLlNlYXJjaFRleHQQAhgEIAA,aluguel de cacamba - Santo Andre SP
RMMR Cacambas LTDA,(11) 97849-0168,"Rua Tenente Américo Moretti, 670 - Vila Santa Catarina, São Paulo - SP, 04274-000, Brasil",https://www.cacambasdica.com.br/,https://maps.google.com/?cid=15700635983415225843&g_mp=Cidnb29nbGUubWFwcy5wbGFjZXMudjEuUGxhY2VzLlNlYXJjaFRleHQQAhgEIAA,aluguel de cacamba - Sao Paulo SP
RRD Retiradas,(11) 91021-7533,"R. Minnie Ida Perman, 419 - Macedo, Guarulhos - SP, 07197-120, Brasil",https://rrdretiradas.com.br/#info_section,https://maps.google.com/?cid=14902076154961585600&g_mp=Cidnb29nbGUubWFwcy5wbGFjZXMudjEuUGxhY2VzLlNlYXJjaFRleHQQAhgEIAA,coleta de entulho - Guarulhos SP
RRM Caçambas,(19) 97423-4322,"R. Italia, 518 - Jardim Ribeiro, Valinhos - SP, 13270-180, Brasil",https://rrmsantanacacambas.negocio.site/,https://maps.google.com/?cid=15663950273953847970&g_mp=Cidnb29nbGUubWFwcy5wbGFjZXMudjEuUGxhY2VzLlNlYXJjaFRleHQQAhgEIAA,aluguel de cacamba - Valinhos SP
RV Caçambas,(19) 3463-3956,"R. Isaurina Amélia Toledo Martins, 540 - Dodson, Santa Bárbara d'Oeste - SP, 13456-675, Brasil",http://rvcacambas.com.br/,https://maps.google.com/?cid=17281199290350164367&g_mp=Cidnb29nbGUubWFwcy5wbGFjZXMudjEuUGxhY2VzLlNlYXJjaFRleHQQAhgEIAA,aluguel de cacamba - Santa Barbara dOeste SP
RV Caçambas Valinhos,(19) 99648-2224,"R. das Azaléias, nº 3875 - Fonte Nova, Valinhos - SP, 13273-450, Brasil",,https://maps.google.com/?cid=12759957498211707983&g_mp=Cidnb29nbGUubWFwcy5wbGFjZXMudjEuUGxhY2VzLlNlYXJjaFRleHQQAhgEIAA,aluguel de cacamba - Valinhos SP
RV Guinchos,(19) 99891-9178,"R. Sta Cruz das Palmeiras, 850 - Jardim Nova Europa, Campinas - SP, 13040-085, Brasil",https://rvguinchos.neocities.org/rvguinchos.html,https://maps.google.com/?cid=5426720633830750220&g_mp=Cidnb29nbGUubWFwcy5wbGFjZXMudjEuUGxhY2VzLlNlYXJjaFRleHQQAhgEIAA,transporte de entulho - Campinas SP
RW CAÇAMBAS EM CAMPINAS,(19) 97405-7267,"R. Antônio Nunes dos Santos, 14 A - Jardim Pacaembu, Campinas - SP, 13033-210, Brasil",http://www.rwambiental.com.br/,https://maps.google.com/?cid=1281538911425779290&g_mp=Cidnb29nbGUubWFwcy5wbGFjZXMudjEuUGxhY2VzLlNlYXJjaFRleHQQAhgEIAA,aluguel de cacamba - Campinas SP
RW SOLUÇÃO AMBIENTAL,(19) 3213-3011,"Av. Brg. Rafael Tobias de Aguiar, 370 - Jardim Aurelia, Campinas - SP, 13033-010, Brasil",https://rwambiental.com.br/,https://maps.google.com/?cid=17081536244927558923&g_mp=Cidnb29nbGUubWFwcy5wbGFjZXMudjEuUGxhY2VzLlNlYXJjaFRleHQQAhgEIAA,aluguel de cacamba - Campinas SP
Rafa Entulhos,(11) 2143-1207,"R. Joaquim Lopes da Silva, 03 - Campestre, Santo André - SP, 09080-560, Brasil",https://rafaentulhos.com.br/,https://maps.google.com/?cid=3991685457246687247&g_mp=Cidnb29nbGUubWFwcy5wbGFjZXMudjEuUGxhY2VzLlNlYXJjaFRleHQQAhgEIAA,aluguel de cacamba - Santo Andre SP
Ramasi Gestão e Transportes coleta e transportes de resíduos industriais,(19) 97408-9024,"13177426 - R. Clotildes Barbosa de Souza, 297 - Jardim Santa Maria (Nova Veneza), Sumaré - SP, 13177-426, Brasil",http://ramasiambiental.com.br/,https://maps.google.com/?cid=14973781149237018011&g_mp=Cidnb29nbGUubWFwcy5wbGFjZXMudjEuUGxhY2VzLlNlYXJjaFRleHQQAhgEIAA,coleta de entulho - Sumare SP
Rane Caçambas,(11) 2356-1243,"R. Eugênia Sá Vitale, 1196 - Rudge Ramos, São Bernardo do Campo - SP, 09665-000, Brasil",https://ranecacambas.com.br/,https://maps.google.com/?cid=4786516199438039105&g_mp=Cidnb29nbGUubWFwcy5wbGFjZXMudjEuUGxhY2VzLlNlYXJjaFRleHQQAhgEIAA,aluguel de cacamba - Sao Bernardo do Campo SP
Rapidão Caçambas Vila Maria,(11) 2421-0202,"Rua Manuel Silvino Bandeira Melo, 134 - Vila Guilherme, São Paulo - SP, 02054-040, Brasil",http://cacambadeentulho.com.br/,https://maps.google.com/?cid=1104712720172745581&g_mp=Cidnb29nbGUubWFwcy5wbGFjZXMudjEuUGxhY2VzLlNlYXJjaFRleHQQAhgEIAA,remocao de entulho - Sao Paulo SP
Reciclagem Campinas - RW,(19) 3242-8226,"R. João Silveira Belo, 283 - Chácara Cneo, Campinas - SP, 13033-165, Brasil",,https://maps.google.com/?cid=738975421638371042&g_mp=Cidnb29nbGUubWFwcy5wbGFjZXMudjEuUGxhY2VzLlNlYXJjaFRleHQQAhgEIAA,transporte de entulho - Campinas SP
Reciclagem Castelo,(19) 99992-4155,"Fazenda Nossa Senhora de Lourdes s/n, Pedreira - SP, 13920-000, Brasil",http://reciclagemcastelo.com.br/,https://maps.google.com/?cid=17182493700084319878&g_mp=Cidnb29nbGUubWFwcy5wbGFjZXMudjEuUGxhY2VzLlNlYXJjaFRleHQQAhgEIAA,aluguel de cacamba - Pedreira SP
Refisol - Tecno Ambiental Ltda.,(19) 3545-1856,"Av. Um, 173 - Centro, Santa Gertrudes - SP, 13510-025, Brasil",http://www.refisol.com.br/,https://maps.google.com/?cid=3862989302993902738&g_mp=Cidnb29nbGUubWFwcy5wbGFjZXMudjEuUGxhY2VzLlNlYXJjaFRleHQQAhgEIAA,transporte de entulho - Artur Nogueira SP
Relampago Caçambas,(11) 97975-9316,"R. dos Marimbas, 105 - Vila Guacuri, São Paulo - SP, 04475-240, Brasil",http://www.relampagocacambas.com.br/,https://maps.google.com/?cid=5010249734335999513&g_mp=Cidnb29nbGUubWFwcy5wbGFjZXMudjEuUGxhY2VzLlNlYXJjaFRleHQQAhgEIAA,aluguel de cacamba - Sao Paulo SP
Remo Lix,(11) 4803-4294,"R. Endres, 499 - Vila Itapegica, Guarulhos - SP, 07043-000, Brasil",,https://maps.google.com/?cid=1020217647798257018&g_mp=Cidnb29nbGUubWFwcy5wbGFjZXMudjEuUGxhY2VzLlNlYXJjaFRleHQQAhgEIAA,coleta de entulho - Guarulhos SP
Remoção de Entulho e Carreto Cris Haiti - Vila Prudente,(11) 94898-7816,"R. Ipomeias, 316 - Vila Bela, São Paulo - SP, 03201-050, Brasil",https://remocaodeentulhocrishaiti.com.br/,https://maps.google.com/?cid=15691681430335232546&g_mp=Cidnb29nbGUubWFwcy5wbGFjZXMudjEuUGxhY2VzLlNlYXJjaFRleHQQAhgEIAA,coleta de entulho - Sao Paulo SP
Renalix Ambiental,(11) 5058-9182,"R. Des. Alves de Castro, 255 - Vila Água Funda, São Paulo - SP, 04157-100, Brasil",http://renalixambiental.com.br/,https://maps.google.com/?cid=8386893571347744010&g_mp=Cidnb29nbGUubWFwcy5wbGFjZXMudjEuUGxhY2VzLlNlYXJjaFRleHQQAhgEIAA,transporte de entulho - Sao Paulo SP
"Renotran Ambiental, Terraplanagem, Demolição, Pavimentação, Locação de máquinas e transporte de indivisíveis",(11) 99720-3994,"R. José Pascowitch, 109 - Jardim Santa Maria, Osasco - SP, 06149-070, Brasil",https://www.renotran.com.br/,https://maps.google.com/?cid=6410161967006996279&g_mp=Cidnb29nbGUubWFwcy5wbGFjZXMudjEuUGxhY2VzLlNlYXJjaFRleHQQAhgEIAA,remocao de entulho - Osasco SP
Resitec,(11) 94708-2415,"R. Antônio Benedito do Amaral, 18 - Santo Antônio, Osasco - SP, 06130-100, Brasil",,https://maps.google.com/?cid=9728309933170507328&g_mp=Cidnb29nbGUubWFwcy5wbGFjZXMudjEuUGxhY2VzLlNlYXJjaFRleHQQAhgEIAA,remocao de entulho - Osasco SP
Retec Locação de Caçambas,(11) 3712-2416,"Av. das Nações Unidas, 99 - Bonfim, Osasco - SP, 06233-200, Brasil",https://reteccacambas.com.br/,https://maps.google.com/?cid=14568029829956265126&g_mp=Cidnb29nbGUubWFwcy5wbGFjZXMudjEuUGxhY2VzLlNlYXJjaFRleHQQAhgEIAA,aluguel de cacamba - Sao Paulo SP
RetiraEntulho.COM,(13) 99660-5165,"R. Padre Donizetti Tavares de Lima, 283 - Vila Voturuá, São Vicente - SP, 11380-590, Brasil",https://retiraentulho.com/,https://maps.google.com/?cid=5057361168138222751&g_mp=Cidnb29nbGUubWFwcy5wbGFjZXMudjEuUGxhY2VzLlNlYXJjaFRleHQQAhgEIAA,remocao de entulho - Santo Andre SP
Retirada de Entulho São Paulo,(11) 98840-7586,"R. Gipóia, 313 - Vila Guilherme, São Paulo - SP, 02050-050, Brasil",https://sites.google.com/view/retira-entulho/in%C3%ADcio,https://maps.google.com/?cid=5185199026541582384&g_mp=Cidnb29nbGUubWFwcy5wbGFjZXMudjEuUGxhY2VzLlNlYXJjaFRleHQQAhgEIAA,disk entulho - Sao Paulo SP
Retirada de Entulho Vila Guilherme | Frota Transportes,(11) 98020-4372,"R. dos Machados, 15 - Vila Guilherme, São Paulo - SP, 02052-010, Brasil",https://frotatransportes.com.br/,https://maps.google.com/?cid=7439873512979299873&g_mp=Cidnb29nbGUubWFwcy5wbGFjZXMudjEuUGxhY2VzLlNlYXJjaFRleHQQAhgEIAA,remocao de entulho - Sao Paulo SP
Retirada de entulho e móveis velhos,(11) 96304-1728,"R. Cláudio Soares, 72 - Pinheiros, São Paulo - SP, 05422-030, Brasil",,https://maps.google.com/?cid=630648222391678556&g_mp=Cidnb29nbGUubWFwcy5wbGFjZXMudjEuUGxhY2VzLlNlYXJjaFRleHQQAhgEIAA,coleta de entulho - Sao Paulo SP
Retirada de entulho ensacado São Paulo,(11) 96201-6662,"R. Pascoal Tambasco, 154 - Vila Medeiros, São Paulo - SP, 02210-120, Brasil",https://wa.me/message/RNMHLW6SJMRXH1,https://maps.google.com/?cid=3085661346727410901&g_mp=Cidnb29nbGUubWFwcy5wbGFjZXMudjEuUGxhY2VzLlNlYXJjaFRleHQQAhgEIAA,remocao de entulho - Sao Paulo SP
Retirada de entulho ensacado Tatuapé,(11) 95066-6917,"R. Azevedo Soares, 670 - Vila Gomes Cardim, São Paulo - SP, 03322-000, Brasil",,https://maps.google.com/?cid=10543752249797773153&g_mp=Cidnb29nbGUubWFwcy5wbGFjZXMudjEuUGxhY2VzLlNlYXJjaFRleHQQAhgEIAA,coleta de entulho - Sao Paulo SP
Reverso - Gerenciamento Inteligente de Resíduos,(19) 4118-7404,"Av. Japão, 499 - Novo Tempo, Artur Nogueira - SP, 13160-375, Brasil",http://reverso.eco.br/,https://maps.google.com/?cid=9264725699562305454&g_mp=Cidnb29nbGUubWFwcy5wbGFjZXMudjEuUGxhY2VzLlNlYXJjaFRleHQQAhgEIAA,coleta de entulho - Artur Nogueira SP
Rl Caçambas,(11) 2457-8186,"R. Tocantinópolis, 594 - Jardim Iporanga, Guarulhos - SP, 07124-100, Brasil",https://www.rlcacambasdeentulho.com.br/,https://maps.google.com/?cid=218578547454884379&g_mp=Cidnb29nbGUubWFwcy5wbGFjZXMudjEuUGxhY2VzLlNlYXJjaFRleHQQAhgEIAA,disk entulho - Guarulhos SP
Rocha remoções,(11) 98405-7544,"R. Comandante Taylor, 1221 - Ipiranga, São Paulo - SP, 04230-010, Brasil",https://feliperocha71.wixsite.com/rocharemoes,https://maps.google.com/?cid=6965993551100895404&g_mp=Cidnb29nbGUubWFwcy5wbGFjZXMudjEuUGxhY2VzLlNlYXJjaFRleHQQAhgEIAA,aluguel de cacamba - Sao Paulo SP
Rodrigo SG - Serviços Gerais,(11) 93721-1612,"Rua Pinheiro de Ulhoa Cintra - Jardim Popular, São Paulo - SP, 03673-000, Brasil",,https://maps.google.com/?cid=3572220617911501097&g_mp=Cidnb29nbGUubWFwcy5wbGFjZXMudjEuUGxhY2VzLlNlYXJjaFRleHQQAhgEIAA,transporte de entulho - Sao Paulo SP
Rodrigo caçambas,(19) 98716-8317,"R. do Centeio, 960 - Jardim Perola, Santa Bárbara d'Oeste - SP, 13454-002, Brasil",,https://maps.google.com/?cid=15703273298481290955&g_mp=Cidnb29nbGUubWFwcy5wbGFjZXMudjEuUGxhY2VzLlNlYXJjaFRleHQQAhgEIAA,aluguel de cacamba - Santa Barbara dOeste SP
Rodrigues aluguel caçambas entulho,(19) 99204-9732,"R. João Constantino Nunes, 15 - Vila Lemos, Campinas - SP, 13100-483, Brasil",https://daniboy008.wixsite.com/daniel.,https://maps.google.com/?cid=17251948237369483075&g_mp=Cidnb29nbGUubWFwcy5wbGFjZXMudjEuUGxhY2VzLlNlYXJjaFRleHQQAhgEIAA,aluguel de cacamba - Campinas SP
Rodrilix Transporte,(11) 3901-1180,"R. Prof. Malta Machado, 135 - Vila Boacava, São Paulo - SP, 05170-320, Brasil",,https://maps.google.com/?cid=13687222901728055820&g_mp=Cidnb29nbGUubWFwcy5wbGFjZXMudjEuUGxhY2VzLlNlYXJjaFRleHQQAhgEIAA,transporte de entulho - Sao Paulo SP
Rudgentulho Ambiental Ltda,(11) 4367-1731,"09615-000 - Rua Tietê, 310 - Rudge Ramos, São Bernardo do Campo - SP, 09615-000, Brasil",http://rudgentulho.com.br/,https://maps.google.com/?cid=4159485471226492970&g_mp=Cidnb29nbGUubWFwcy5wbGFjZXMudjEuUGxhY2VzLlNlYXJjaFRleHQQAhgEIAA,remocao de entulho - Santo Andre SP
SB Caçambas e Containers,(11) 98202-1567,"R. Uruguai, 117 - Jardim das Nacoes, Salto - SP, 13322-193, Brasil",http://wa.me/5511982021567,https://maps.google.com/?cid=285521954186702918&g_mp=Cidnb29nbGUubWFwcy5wbGFjZXMudjEuUGxhY2VzLlNlYXJjaFRleHQQAhgEIAA,coleta de entulho - Indaiatuba SP
SCALDELAI COLETAS,(11) 4361-4412,"R. Júlio de Mesquita Filho, 23 - Paulicéia, São Bernardo do Campo - SP, 09691-010, Brasil",http://scaldelaicacambas.com.br/,https://maps.google.com/?cid=4402338989450589335&g_mp=Cidnb29nbGUubWFwcy5wbGFjZXMudjEuUGxhY2VzLlNlYXJjaFRleHQQAhgEIAA,aluguel de cacamba - Sao Bernardo do Campo SP
SEMURB - Secretaria Municipal de Serviços Urbanos e Meio Ambiente,(19) 3825-5410,"R. Afonso Bonito, 215 - Vila Brizzola, Indaiatuba - SP, 13343-460, Brasil",http://www.indaiatuba.sp.gov.br/,https://maps.google.com/?cid=2365654251177177435&g_mp=Cidnb29nbGUubWFwcy5wbGFjZXMudjEuUGxhY2VzLlNlYXJjaFRleHQQAhgEIAA,coleta de entulho - Indaiatuba SP
SJR - Retirada de Entulho em São Paulo,(11) 94853-0251,"R. Jataizinho, 31 - Vila Santana, São Paulo - SP, 08230-070, Brasil",https://sjrengenhariaeprojetos.com.br/,https://maps.google.com/?cid=3245256784058985114&g_mp=Cidnb29nbGUubWFwcy5wbGFjZXMudjEuUGxhY2VzLlNlYXJjaFRleHQQAhgEIAA,coleta de entulho - Sao Paulo SP
SOS Caçambas,(19) 99302-1616,"ESTRADA DA RHODIA Km 15 13085 - Estr. da Rhodia - Barão Geraldo, Campinas - SP, 13085-000, Brasil",http://www.ecoobras.com.br/,https://maps.google.com/?cid=3789653374254606264&g_mp=Cidnb29nbGUubWFwcy5wbGFjZXMudjEuUGxhY2VzLlNlYXJjaFRleHQQAhgEIAA,aluguel de cacamba - Campinas SP
SOS Mini Entulhos,(11) 92373-0011,"Av. Brig. Faria Lima, 1811 - Sl 1119 - Jardim Paulistano, São Paulo - SP, 01452-001, Brasil",https://sosminientulhos.com.br/unidade/sao-paulo-01-sp,https://maps.google.com/?cid=5270815595959000347&g_mp=Cidnb29nbGUubWFwcy5wbGFjZXMudjEuUGxhY2VzLlNlYXJjaFRleHQQAhgEIAA,aluguel de cacamba - Sao Paulo SP
SOS Mini Entulhos | Coleta de Resíduos e Entulhos em São Bernardo e São Caetano,(11) 93255-9721,"R. Miosótis, 699 - Cidade Miramar, São Bernardo do Campo - SP, 09811-010, Brasil",https://sosminientulhos.com.br/unidade/sao-bernardo-do-campo-sp/,https://maps.google.com/?cid=9183443505590590723&g_mp=Cidnb29nbGUubWFwcy5wbGFjZXMudjEuUGxhY2VzLlNlYXJjaFRleHQQAhgEIAA,coleta de entulho - Sao Bernardo do Campo SP
SOS Mini Entulhos | Guarulhos,(11) 95407-3907,"R. Monte Negro, 90 - Vila Galvão, Guarulhos - SP, 07074-100, Brasil",https://sosminientulhos.com.br/unidade/guarulhos-01-sp/,https://maps.google.com/?cid=4535106494067150594&g_mp=Cidnb29nbGUubWFwcy5wbGFjZXMudjEuUGxhY2VzLlNlYXJjaFRleHQQAhgEIAA,coleta de entulho - Guarulhos SP
SOS Mini Entulhos | RMC,,"R. das Violetas, 33 - Parque do Horto, Hortolândia - SP, 13183-684, Brasil",https://sosminientulhos.com.br/unidade/campinas-sp/,https://maps.google.com/?cid=8703952650880933797&g_mp=Cidnb29nbGUubWFwcy5wbGFjZXMudjEuUGxhY2VzLlNlYXJjaFRleHQQAhgEIAA,coleta de entulho - Campinas SP
SP LIX Transporte e Remoçoes de Entulho,(11) 98535-1936,"Av. Sanatório, 1569 - Jardim Modelo, São Paulo - SP, 02238-000, Brasil",,https://maps.google.com/?cid=12676507960004669213&g_mp=Cidnb29nbGUubWFwcy5wbGFjZXMudjEuUGxhY2VzLlNlYXJjaFRleHQQAhgEIAA,transporte de entulho - Sao Paulo SP
Santa Retirada de entulhos e Móveis Velhos,(11) 91336-8507,"R. Dom Bosco, 110 - Mooca, São Paulo - SP, 03105-020, Brasil",https://santaretiradademoveis.com.br/,https://maps.google.com/?cid=4183339057020085464&g_mp=Cidnb29nbGUubWFwcy5wbGFjZXMudjEuUGxhY2VzLlNlYXJjaFRleHQQAhgEIAA,coleta de entulho - Sao Paulo SP
"Santos Entulho, comercio de areia e pedra",(11) 2241-6835,"R. Abílio Pedro Ramos, 776 - Vila Nilo, São Paulo - SP, 02279-000, Brasil",http://santosentulho.com.br/,https://maps.google.com/?cid=18020949148068747131&g_mp=Cidnb29nbGUubWFwcy5wbGFjZXMudjEuUGxhY2VzLlNlYXJjaFRleHQQAhgEIAA,remocao de entulho - Guarulhos SP
Seletiva óleo - Coleta Seletiva,(11) 95868-2749,"R. Isaías Bezerra Ventura, 291 - Piratininga, Osasco - SP, 06236-090, Brasil",,https://maps.google.com/?cid=10673571571327179205&g_mp=Cidnb29nbGUubWFwcy5wbGFjZXMudjEuUGxhY2VzLlNlYXJjaFRleHQQAhgEIAA,coleta de entulho - Osasco SP
Semasa - Aterro Municipal de Santo André,,"R. Fernando Costa - Cidade São Jorge, Santo André - SP, 09120-305, Brasil",,https://maps.google.com/?cid=4028684539640371999&g_mp=Cidnb29nbGUubWFwcy5wbGFjZXMudjEuUGxhY2VzLlNlYXJjaFRleHQQAhgEIAA,coleta de entulho - Santo Andre SP
Semasa - Serviço Municipal de Saneamento Ambiental de Santo André,(11) 4433-9011,"Av. José Caballero, 143 - Vila Bastos, Santo André - SP, 09040-210, Brasil",http://www.semasa.sp.gov.br/,https://maps.google.com/?cid=12014558870780397407&g_mp=Cidnb29nbGUubWFwcy5wbGFjZXMudjEuUGxhY2VzLlNlYXJjaFRleHQQAhgEIAA,coleta de entulho - Santo Andre SP
Serve Obras,(19) 3201-7727,"R. Antônio Silveira Bueno, 166 - Jardim Chapadão, Campinas - SP, 13070-159, Brasil",http://www.serveobras.com.br/contato-cacamba-campinas/,https://maps.google.com/?cid=7425206956578231311&g_mp=Cidnb29nbGUubWFwcy5wbGFjZXMudjEuUGxhY2VzLlNlYXJjaFRleHQQAhgEIAA,aluguel de cacamba - Campinas SP
Seven Soluções Ambientais LTDA ME,(11) 2308-2716,"Rua Vargas, 284 - Cidade Satélite, Guarulhos - SP, 07231-300, Brasil",http://www.sevenresiduos.com.br/,https://maps.google.com/?cid=16038497297297556118&g_mp=Cidnb29nbGUubWFwcy5wbGFjZXMudjEuUGxhY2VzLlNlYXJjaFRleHQQAhgEIAA,remocao de entulho - Guarulhos SP
Seven locações,(11) 97787-5430,"R. Silva Bueno, 1909 - Ipiranga, São Paulo - SP, 04208-052, Brasil",https://feliperocha71.wixsite.com/sevenlocaes-2,https://maps.google.com/?cid=15592503471825446395&g_mp=Cidnb29nbGUubWFwcy5wbGFjZXMudjEuUGxhY2VzLlNlYXJjaFRleHQQAhgEIAA,coleta de entulho - Sao Paulo SP
Shelby Transporte,(11) 95373-6130,"R. Alice Manholer Piteri, 77 - Centro, Osasco - SP, 06018-160, Brasil",,https://maps.google.com/?cid=8828173332643870355&g_mp=Cidnb29nbGUubWFwcy5wbGFjZXMudjEuUGxhY2VzLlNlYXJjaFRleHQQAhgEIAA,transporte de entulho - Osasco SP
Show Aluguel Caçamba Barueri,(11) 98092-8976,"Av. Brasil, 459 - Vila Boa Vista, Barueri - SP, 06411-310, Brasil",,https://maps.google.com/?cid=3119103796794511076&g_mp=Cidnb29nbGUubWFwcy5wbGFjZXMudjEuUGxhY2VzLlNlYXJjaFRleHQQAhgEIAA,coleta de entulho - Osasco SP
Show Aluguel de Caçambas Guarulhos,(11) 98092-8976,"Av. Esperança, 717 - Centro, Guarulhos - SP, 07095-005, Brasil",,https://maps.google.com/?cid=4044867787047683367&g_mp=Cidnb29nbGUubWFwcy5wbGFjZXMudjEuUGxhY2VzLlNlYXJjaFRleHQQAhgEIAA,coleta de entulho - Guarulhos SP
Silix Remoções Aluguel De Caçambas Para Entulho - Guarulhos,(11) 2432-2452,"R. Norte A, 328 - Jardim Pte. Alta I, Guarulhos - SP, 07179-280, Brasil",https://www.silixremocao.com.br/,https://maps.google.com/?cid=17893705632933395989&g_mp=Cidnb29nbGUubWFwcy5wbGFjZXMudjEuUGxhY2VzLlNlYXJjaFRleHQQAhgEIAA,aluguel de cacamba - Guarulhos SP
Silver Caçambas - Aluguel de Caçambas de entulho em SP,(11) 96424-5099,"R. Maj. Maragliano, 309 - Vila Mariana, São Paulo - SP, 04017-030, Brasil",https://www.silvercacambas.com.br/,https://maps.google.com/?cid=8669686245066496095&g_mp=Cidnb29nbGUubWFwcy5wbGFjZXMudjEuUGxhY2VzLlNlYXJjaFRleHQQAhgEIAA,aluguel de cacamba - Sao Paulo SP
Sinai Caçambas - Vai Remoção de Entulhos,(11) 4453-0391,"Estr. do Nascente, 200 - Jardim Riviera, Santo André - SP, 09133-050, Brasil",http://www.sinaicacambas.com.br/,https://maps.google.com/?cid=15434606920520091632&g_mp=Cidnb29nbGUubWFwcy5wbGFjZXMudjEuUGxhY2VzLlNlYXJjaFRleHQQAhgEIAA,aluguel de cacamba - Santo Andre SP
Somax Caçambas de Entulho Guarulhos,(11) 94050-7739,"Tv. Agenor Correa Fortes, 25 - Pte. Grande, Guarulhos - SP, 07032-230, Brasil",https://somaxcacambas.com.br/,https://maps.google.com/?cid=15807025112896247489&g_mp=Cidnb29nbGUubWFwcy5wbGFjZXMudjEuUGxhY2VzLlNlYXJjaFRleHQQAhgEIAA,coleta de entulho - Guarulhos SP
Srm aluguel de caçamba locação,(11) 91340-3734,"R. Salvador Fontoura, 190a - Parque Boturussu, São Paulo - SP, 03801, Brasil",,https://maps.google.com/?cid=17742876687419452929&g_mp=Cidnb29nbGUubWFwcy5wbGFjZXMudjEuUGxhY2VzLlNlYXJjaFRleHQQAhgEIAA,aluguel de cacamba - Sao Paulo SP
Super Aluguel de Cacamba Belém,(11) 97991-3704,"R. Arinaia, 81 - Belém, São Paulo - SP, 03171-040, Brasil",,https://maps.google.com/?cid=9008908329867199769&g_mp=Cidnb29nbGUubWFwcy5wbGFjZXMudjEuUGxhY2VzLlNlYXJjaFRleHQQAhgEIAA,aluguel de cacamba - Sao Paulo SP
Super Aluguel de Caçamba Perdizes,(11) 97991-3704,"R. Monte Alegre, 1003 - Perdizes, São Paulo - SP, 05014-001, Brasil",,https://maps.google.com/?cid=17262143060886880912&g_mp=Cidnb29nbGUubWFwcy5wbGFjZXMudjEuUGxhY2VzLlNlYXJjaFRleHQQAhgEIAA,aluguel de cacamba - Sao Paulo SP
Super Aluguel de Caçambas Lapa,(11) 97991-3704,"R. Guararapes, 58 - Lapa, São Paulo - SP, 05077-050, Brasil",,https://maps.google.com/?cid=17981045977372110513&g_mp=Cidnb29nbGUubWFwcy5wbGFjZXMudjEuUGxhY2VzLlNlYXJjaFRleHQQAhgEIAA,coleta de entulho - Sao Paulo SP
Super Cacambas em Carapicuíba,(11) 97991-3704,"R. Rio de Janeiro, 45 - Jardim Carapicuiba, Carapicuíba - SP, 06322-310, Brasil",,https://maps.google.com/?cid=15936675908620666894&g_mp=Cidnb29nbGUubWFwcy5wbGFjZXMudjEuUGxhY2VzLlNlYXJjaFRleHQQAhgEIAA,coleta de entulho - Osasco SP
Super Locação de Caçambas Alphaville,(11) 97991-3704,"Alameda Grajaú, 158 - ap. 306 - Alphaville Industrial, Barueri - SP, 06454-050, Brasil",,https://maps.google.com/?cid=946362669265948047&g_mp=Cidnb29nbGUubWFwcy5wbGFjZXMudjEuUGxhY2VzLlNlYXJjaFRleHQQAhgEIAA,coleta de entulho - Osasco SP
Só Caçambas,(19) 3864-1929,"R. Vilma Viêira Cardoso, 168 - Jardim Denadai (Nova Veneza), Sumaré - SP, 13181-360, Brasil",https://www.facebook.com/www.socacamba.com.br/,https://maps.google.com/?cid=14685567829311924629&g_mp=Cidnb29nbGUubWFwcy5wbGFjZXMudjEuUGxhY2VzLlNlYXJjaFRleHQQAhgEIAA,aluguel de cacamba - Sumare SP
Só Entulhos,(19) 3462-3458,"R. Indaiá, 566 - Jardim Ipiranga, Americana - SP, 13468-500, Brasil",https://sites.google.com/view/soentulhos/sobre-n%C3%B3s,https://maps.google.com/?cid=8126625244810257227&g_mp=Cidnb29nbGUubWFwcy5wbGFjZXMudjEuUGxhY2VzLlNlYXJjaFRleHQQAhgEIAA,aluguel de cacamba - Americana SP
T.R TRINDADE REMOÇÃO,(19) 97118-9605,"Rua: Tupis, 1673 - Jardim São Francisco, Santa Bárbara d'Oeste - SP, 13457-050, Brasil",,https://maps.google.com/?cid=14310675935797930489&g_mp=Cidnb29nbGUubWFwcy5wbGFjZXMudjEuUGxhY2VzLlNlYXJjaFRleHQQAhgEIAA,transporte de entulho - Santa Barbara dOeste SP
TAG Ambiental - Gestão de Resíduos e Locação de Caçambas,(19) 99975-3003,"Rua 04, nº 34 - Industrial Veccon Gamma, Sumaré - SP, 13170-847, Brasil",http://www.tagresiduos.com.br/,https://maps.google.com/?cid=10165070427203589479&g_mp=Cidnb29nbGUubWFwcy5wbGFjZXMudjEuUGxhY2VzLlNlYXJjaFRleHQQAhgEIAA,remocao de entulho - Sumare SP
THOR caçambas em Campinas SP,(11) 97728-2467,"R. Henrique de Barcelos, 133 - Vila Lidia, Campinas - SP, 13026-530, Brasil",,https://maps.google.com/?cid=4491068714534120318&g_mp=Cidnb29nbGUubWFwcy5wbGFjZXMudjEuUGxhY2VzLlNlYXJjaFRleHQQAhgEIAA,coleta de entulho - Campinas SP
THOR caçambas em Hortolândia SP,(11) 97728-2467,"R. Brg. Faria Lima, 304 - Vila Real, Hortolândia - SP, 13183-120, Brasil",,https://maps.google.com/?cid=9085276501777905338&g_mp=Cidnb29nbGUubWFwcy5wbGFjZXMudjEuUGxhY2VzLlNlYXJjaFRleHQQAhgEIAA,aluguel de cacamba - Hortolandia SP
THOR caçambas em Osasco SP,(11) 97728-2467,"R. Narciso, 75 - Jardim das Flores, Osasco - SP, 06110-170, Brasil",,https://maps.google.com/?cid=8616251752983842221&g_mp=Cidnb29nbGUubWFwcy5wbGFjZXMudjEuUGxhY2VzLlNlYXJjaFRleHQQAhgEIAA,coleta de entulho - Osasco SP
TIRA ENTULHO AMERICANA,(19) 3304-7818,"Zap ( 19 - 92010.3423 - Vila Dainese, Americana - SP, 13469-305, Brasil",https://sites.google.com/view/tiraentulhocacamba/in%C3%ADcio,https://maps.google.com/?cid=5648386969912674675&g_mp=Cidnb29nbGUubWFwcy5wbGFjZXMudjEuUGxhY2VzLlNlYXJjaFRleHQQAhgEIAA,aluguel de cacamba - Americana SP
TIRA ENTULHO SANTA BÁRBARA D'OESTE,(19) 99228-2205,"R. Ricardo Ometo, 650 - Jardim Souza Queiroz, Santa Bárbara d'Oeste - SP, 13456-661, Brasil",https://sites.google.com/view/tiraentulhocacamba/in%C3%ADcio,https://maps.google.com/?cid=816123646799181280&g_mp=Cidnb29nbGUubWFwcy5wbGFjZXMudjEuUGxhY2VzLlNlYXJjaFRleHQQAhgEIAA,coleta de entulho - Americana SP
TK Remoções,(11) 2264-0084,"Rua Ernest Bloch, 36 - Vila Moraes, São Paulo - SP, 04174-160, Brasil",http://www.tkremocoes.com.br/,https://maps.google.com/?cid=17876228366169768604&g_mp=Cidnb29nbGUubWFwcy5wbGFjZXMudjEuUGxhY2VzLlNlYXJjaFRleHQQAhgEIAA,transporte de entulho - Sao Paulo SP
TRANSLAJES CAÇAMBAS,(11) 96659-0800,"R. Eng. José Pastore, 76 - Jardim das Gracas, São Paulo - SP, 02714-050, Brasil",https://cacambastranslajes.com.br/,https://maps.google.com/?cid=8462631647922816343&g_mp=Cidnb29nbGUubWFwcy5wbGFjZXMudjEuUGxhY2VzLlNlYXJjaFRleHQQAhgEIAA,aluguel de cacamba - Sao Paulo SP
Tatuapé Entulhos,(11) 99902-9855,"Av. Airton Pretini, 345 - 99902-9855 - Jardim America da Penha, São Paulo - SP, 03090-000, Brasil",http://www.tatuapeentulhos.com.br/,https://maps.google.com/?cid=11894982495956422079&g_mp=Cidnb29nbGUubWFwcy5wbGFjZXMudjEuUGxhY2VzLlNlYXJjaFRleHQQAhgEIAA,aluguel de cacamba - Sao Paulo SP
Tele Caçambas,(19) 3461-2020,"Av. Pref - Av. Abdo Najar, 730 - Cidade Jardim I, Americana - SP, 13466-660, Brasil",https://www.telecacambas.com.br/,https://maps.google.com/?cid=757187611312597679&g_mp=Cidnb29nbGUubWFwcy5wbGFjZXMudjEuUGxhY2VzLlNlYXJjaFRleHQQAhgEIAA,aluguel de cacamba - Americana SP
Telentulho Caçambas Americana,(19) 99983-4723,"Av José Fortunato Santon, 642 - DISTRITO INDUSTRAIL ABDO NAJAR, Americana - SP, 13474-750, Brasil",https://www.facebook.com/Telentulho-109896090844168,https://maps.google.com/?cid=8816996881246979740&g_mp=Cidnb29nbGUubWFwcy5wbGFjZXMudjEuUGxhY2VzLlNlYXJjaFRleHQQAhgEIAA,aluguel de cacamba - Americana SP
Tem Caçambas,(11) 99863-5504,"R. Antônio Brás Barbosa, 90 - Vila Real, Mauá - SP, 09370-550, Brasil",https://wa.me/5511998635504,https://maps.google.com/?cid=9040971132882284528&g_mp=Cidnb29nbGUubWFwcy5wbGFjZXMudjEuUGxhY2VzLlNlYXJjaFRleHQQAhgEIAA,remocao de entulho - Santo Andre SP
Terra - Descarte e Reciclagem de Eletrônicos,(11) 95770-1964,"Rua Mariângela De Nadai Pereira, 160 - Silveira, Santo André - SP, 09195-380, Brasil",http://www.terrareciclagem.com.br/,https://maps.google.com/?cid=16792928052603212841&g_mp=Cidnb29nbGUubWFwcy5wbGFjZXMudjEuUGxhY2VzLlNlYXJjaFRleHQQAhgEIAA,coleta de entulho - Santo Andre SP
Terralli terraplanagem e aluguel de caçamba,(19) 98189-8361,"Av. Jair Gasparino - Vila Real Continuacao, Hortolândia - SP, 13183-091, Brasil",,https://maps.google.com/?cid=2135113329189773166&g_mp=Cidnb29nbGUubWFwcy5wbGFjZXMudjEuUGxhY2VzLlNlYXJjaFRleHQQAhgEIAA,aluguel de cacamba - Hortolandia SP
Tira Entulho Locação de Caçambas e Terraplenagem,(19) 4141-7337,"R. Afrânio Ferreira Júnior, 460 - Parque Nova Campinas, Campinas - SP, 13100-058, Brasil",,https://maps.google.com/?cid=15234547518561319417&g_mp=Cidnb29nbGUubWFwcy5wbGFjZXMudjEuUGxhY2VzLlNlYXJjaFRleHQQAhgEIAA,aluguel de cacamba - Campinas SP
Trans Mor,(19) 3879-6166,"Rodovia Jornalista Francisco A Proença - s/n Km 22, 5 Ch Planalto, Monte Mor - SP, 13190-000, Brasil",,https://maps.google.com/?cid=12094851272136398764&g_mp=Cidnb29nbGUubWFwcy5wbGFjZXMudjEuUGxhY2VzLlNlYXJjaFRleHQQAhgEIAA,transporte de entulho - Monte Mor SP
Trans Remoção Fontana,(11) 4458-4581,"R. Conde de Sarzedas, 83 - Vila Guarani, Santo André - SP, 09110-680, Brasil",,https://maps.google.com/?cid=2545733191379437905&g_mp=Cidnb29nbGUubWFwcy5wbGFjZXMudjEuUGxhY2VzLlNlYXJjaFRleHQQAhgEIAA,transporte de entulho - Santo Andre SP
Trans Snob's Locação De Caçambas,(11) 95244-2060,"R. Princesa Isabel, 114 - Canhema, Diadema - SP, 09942-030, Brasil",http://trans-snob-s-localizacao-de-cacambas5.webnode.com/,https://maps.google.com/?cid=18198993859639453594&g_mp=Cidnb29nbGUubWFwcy5wbGFjZXMudjEuUGxhY2VzLlNlYXJjaFRleHQQAhgEIAA,aluguel de cacamba - Sao Bernardo do Campo SP
Trans-eco Remoções,(11) 2408-6700,"1878 - Av. Monteiro Lobato - Vila Miriam, Guarulhos - SP, 07190-000, Brasil",http://transecocacambas.com.br/,https://maps.google.com/?cid=8566609810277843724&g_mp=Cidnb29nbGUubWFwcy5wbGFjZXMudjEuUGxhY2VzLlNlYXJjaFRleHQQAhgEIAA,remocao de entulho - Guarulhos SP
Translibero Transporte e Pequenas Mudanças,(11) 99728-8529,"rua jose miano - R. São Benedito, Morungaba - SP, 13260-000, Brasil",,https://maps.google.com/?cid=7654856319441597032&g_mp=Cidnb29nbGUubWFwcy5wbGFjZXMudjEuUGxhY2VzLlNlYXJjaFRleHQQAhgEIAA,transporte de entulho - Morungaba SP
Translider Ltda,(11) 95899-2330,"Zap (51 - 98022.8071 - Vila Clara, São Paulo - SP, 04414-200, Brasil",https://alugueldecacambassp.com/,https://maps.google.com/?cid=16356064134369100491&g_mp=Cidnb29nbGUubWFwcy5wbGFjZXMudjEuUGxhY2VzLlNlYXJjaFRleHQQAhgEIAA,aluguel de cacamba - Sao Paulo SP
Transportes Nova União,(19) 99494-8203,"Rua Jurunas,631 Jd. São Francisco II - Santa Rita de Cassia, Santa Bárbara d'Oeste - SP, 13457-038, Brasil",,https://maps.google.com/?cid=5892957329034951605&g_mp=Cidnb29nbGUubWFwcy5wbGFjZXMudjEuUGxhY2VzLlNlYXJjaFRleHQQAhgEIAA,transporte de entulho - Santa Barbara dOeste SP
Transportes Transentulho,(19) 3243-1406,"Av. Antônio Carvalho de Miranda, 166 - Jardim Miranda, Campinas - SP, 13034-615, Brasil",,https://maps.google.com/?cid=16131202915510825618&g_mp=Cidnb29nbGUubWFwcy5wbGFjZXMudjEuUGxhY2VzLlNlYXJjaFRleHQQAhgEIAA,remocao de entulho - Campinas SP
Trash Coleta - Aluguel de caçambas,(11) 94712-4118,"Alameda dos Jurupis, 1817 - Moema, São Paulo - SP, 04088-002, Brasil",https://trashcoleta.com.br/,https://maps.google.com/?cid=12248093539432263530&g_mp=Cidnb29nbGUubWFwcy5wbGFjZXMudjEuUGxhY2VzLlNlYXJjaFRleHQQAhgEIAA,aluguel de cacamba - Sao Paulo SP
Trata Entulho,(11) 2086-3311,"Estr. Doná da Ana Diniz, 584 - Parque Continental II, Guarulhos - SP, 07075-210, Brasil",http://trataentulho.com.br/,https://maps.google.com/?cid=11685071348472243394&g_mp=Cidnb29nbGUubWFwcy5wbGFjZXMudjEuUGxhY2VzLlNlYXJjaFRleHQQAhgEIAA,coleta de entulho - Guarulhos SP
TuaregLog,,"R. Campo das Palmas, 205 - Centro, Holambra - SP, 13825-000, Brasil",,https://maps.google.com/?cid=7649381395246578394&g_mp=Cidnb29nbGUubWFwcy5wbGFjZXMudjEuUGxhY2VzLlNlYXJjaFRleHQQAhgEIAA,aluguel de cacamba - Holambra SP
U CAÇAMBAS,(11) 91410-1344,"R. Campo Alegre, 61 - Jardim Arapongas, Guarulhos - SP, 07210-230, Brasil",http://www.ucacambas.com.br/,https://maps.google.com/?cid=13637779918159216129&g_mp=Cidnb29nbGUubWFwcy5wbGFjZXMudjEuUGxhY2VzLlNlYXJjaFRleHQQAhgEIAA,transporte de entulho - Guarulhos SP
Ugeda Transporte Mercadorias,(19) 99765-9960,"Rua MIDDELBURG - R.Nova Holanda, 121 - Parque Res. Palm Park, Holambra - SP, 13825-000, Brasil",https://wa.me/message/55GOQPIT4U7IE1,https://maps.google.com/?cid=11741284250635945219&g_mp=Cidnb29nbGUubWFwcy5wbGFjZXMudjEuUGxhY2VzLlNlYXJjaFRleHQQAhgEIAA,transporte de entulho - Holambra SP
Ultra Locação de Caçamba Bela Vista,(11) 97971-3446,"R. Frei Caneca, 479 - Bela Vista, São Paulo - SP, 01307-001, Brasil",,https://maps.google.com/?cid=4519033277041011041&g_mp=Cidnb29nbGUubWFwcy5wbGFjZXMudjEuUGxhY2VzLlNlYXJjaFRleHQQAhgEIAA,coleta de entulho - Sao Paulo SP
Ultra Locação de Caçamba Belezinho,(11) 97971-3446,"R. Dr. Clementino, 67 - Belenzinho, São Paulo - SP, 03059-030, Brasil",,https://maps.google.com/?cid=10110917548066434455&g_mp=Cidnb29nbGUubWFwcy5wbGFjZXMudjEuUGxhY2VzLlNlYXJjaFRleHQQAhgEIAA,remocao de entulho - Sao Paulo SP
Ultra Locação de Caçamba Guarulhos,(11) 97971-3446,"R. Francisco Jorge Melande, 54 - Macedo, Guarulhos - SP, 07197-280, Brasil",,https://maps.google.com/?cid=8588208035827522739&g_mp=Cidnb29nbGUubWFwcy5wbGFjZXMudjEuUGxhY2VzLlNlYXJjaFRleHQQAhgEIAA,coleta de entulho - Guarulhos SP
Ultra Locação de Caçamba São Paulo,(11) 97971-3446,"Travessa Corumbá de Goiás, 32 - Vila Espanhola, São Paulo - SP, 02566-090, Brasil",,https://maps.google.com/?cid=15281457463489363782&g_mp=Cidnb29nbGUubWFwcy5wbGFjZXMudjEuUGxhY2VzLlNlYXJjaFRleHQQAhgEIAA,coleta de entulho - Sao Paulo SP
Ultra Locação de caçamba Perdizes,(11) 97971-3446,"Rua Bartira, 555 - Perdizes, São Paulo - SP, 05009-000, Brasil",,https://maps.google.com/?cid=502940389052968805&g_mp=Cidnb29nbGUubWFwcy5wbGFjZXMudjEuUGxhY2VzLlNlYXJjaFRleHQQAhgEIAA,remocao de entulho - Sao Paulo SP
Ultra locação de caçamba Santo André,(11) 97971-3446,"Tv. João Mendes, 17 - Vila Guaraciaba, Santo André - SP, 09181-715, Brasil",,https://maps.google.com/?cid=3668245759168289250&g_mp=Cidnb29nbGUubWFwcy5wbGFjZXMudjEuUGxhY2VzLlNlYXJjaFRleHQQAhgEIAA,aluguel de cacamba - Santo Andre SP
Uni 04,(11) 94757-3583,"R. Tamaindé, 1532 - Vila Carrão, São Paulo - SP, 03444-000, Brasil",http://www.uniaolocacao.com.br/,https://maps.google.com/?cid=18365467658248886720&g_mp=Cidnb29nbGUubWFwcy5wbGFjZXMudjEuUGxhY2VzLlNlYXJjaFRleHQQAhgEIAA,aluguel de cacamba - Sao Paulo SP
Unilix - Locação de Caçambas,(11) 5011-5799,"R. Cinco de Outubro, n° 30 - Americanópolis, São Paulo - SP, 04327-050, Brasil",,https://maps.google.com/?cid=18205203657181070695&g_mp=Cidnb29nbGUubWFwcy5wbGFjZXMudjEuUGxhY2VzLlNlYXJjaFRleHQQAhgEIAA,transporte de entulho - Sao Paulo SP
União Caçambas,(19) 99648-2224,"R. Maria Andréoli Roveri, 61 - Jardim Novo Horizonte, Valinhos - SP, 13272-025, Brasil",https://www.googlenegocioslocais.com.br/uniao-cacambas-valinhos/,https://maps.google.com/?cid=8439958403051554210&g_mp=Cidnb29nbGUubWFwcy5wbGFjZXMudjEuUGxhY2VzLlNlYXJjaFRleHQQAhgEIAA,aluguel de cacamba - Valinhos SP
Usina de Reciclagem de Material de Construção,,"R. Doze (Cidade Satélite Íris), 2-252 - Jardim São Caetano, Campinas - SP, 13059, Brasil",http://www.campinas.sp.gov.br/,https://maps.google.com/?cid=4358048439605590574&g_mp=Cidnb29nbGUubWFwcy5wbGFjZXMudjEuUGxhY2VzLlNlYXJjaFRleHQQAhgEIAA,coleta de entulho - Campinas SP
VDV Entulhos,(19) 99958-4577,"Av. Mogi Guaçu, 941 - Jardim das Laranjeiras, Santa Bárbara d'Oeste - SP, 13453-717, Brasil",,https://maps.google.com/?cid=5640880653385197284&g_mp=Cidnb29nbGUubWFwcy5wbGFjZXMudjEuUGxhY2VzLlNlYXJjaFRleHQQAhgEIAA,remocao de entulho - Santa Barbara dOeste SP
VPB locação e aluguel de caçamba,(11) 5229-0124,"R. Lorenzo Mavilis, 176 - Cidade Ademar, São Paulo - SP, 04423-070, Brasil",https://www.vpbcacamba.com/,https://maps.google.com/?cid=13319219508649696589&g_mp=Cidnb29nbGUubWFwcy5wbGFjZXMudjEuUGxhY2VzLlNlYXJjaFRleHQQAhgEIAA,aluguel de cacamba - Sao Paulo SP
VS ENTULHO,(11) 4343-6499,"R. Nossa Sra. de Lourdes, 171 - Vila Alves Dias, São Bernardo do Campo - SP, 09851-375, Brasil",,https://maps.google.com/?cid=11913050969832028792&g_mp=Cidnb29nbGUubWFwcy5wbGFjZXMudjEuUGxhY2VzLlNlYXJjaFRleHQQAhgEIAA,disk entulho - Sao Bernardo do Campo SP
Valente terraplenagem | Caçamba entulho,(19) 99114-8009,"Rod. dos Agricultores, 185 - Nova Espírito Santo, Valinhos - SP, 13270-000, Brasil",,https://maps.google.com/?cid=8322217068819136581&g_mp=Cidnb29nbGUubWFwcy5wbGFjZXMudjEuUGxhY2VzLlNlYXJjaFRleHQQAhgEIAA,coleta de entulho - Valinhos SP
Vanlix Coleta Industrial Fimavan,(11) 2413-1850,"R. Col. Leopoldina, 270 - Cidade Industrial Satélite de São Paulo, Guarulhos - SP, 07220-040, Brasil",http://www.vanlix.com.br/,https://maps.google.com/?cid=5855701059889093238&g_mp=Cidnb29nbGUubWFwcy5wbGFjZXMudjEuUGxhY2VzLlNlYXJjaFRleHQQAhgEIAA,coleta de entulho - Guarulhos SP
Vi Carretos / Entregas / Retirada de material para descarte (entulho) SP - INTERIOR - LITORAL,(11) 95086-4313,"Horto Florestal, São Paulo - SP, 11740-000, Brasil",,https://maps.google.com/?cid=9348136626170937477&g_mp=Cidnb29nbGUubWFwcy5wbGFjZXMudjEuUGxhY2VzLlNlYXJjaFRleHQQAhgEIAA,remocao de entulho - Sao Paulo SP
Vila mariana caçamba de entulho,(11) 5286-3748,"R. Domingos de Morais, 1583 - Vila Mariana, São Paulo - SP, 04119-000, Brasil",http://vilamarianacacamba.wuaze.com/,https://maps.google.com/?cid=14182549760347309879&g_mp=Cidnb29nbGUubWFwcy5wbGFjZXMudjEuUGxhY2VzLlNlYXJjaFRleHQQAhgEIAA,remocao de entulho - Sao Paulo SP
Village Entulhos (Locação De Caçambas),(19) 3287-8969,"Rua Pastor Walter Kaschel - Village Campinas, Campinas - SP, 13085-714, Brasil",,https://maps.google.com/?cid=10907710890740721153&g_mp=Cidnb29nbGUubWFwcy5wbGFjZXMudjEuUGxhY2VzLlNlYXJjaFRleHQQAhgEIAA,aluguel de cacamba - Campinas SP
Vk caçambas,(11) 98525-3838,"R. Águas de Lindóia, 529 - Rochdale, Osasco - SP, 06283-160, Brasil",,https://maps.google.com/?cid=3496354885483166585&g_mp=Cidnb29nbGUubWFwcy5wbGFjZXMudjEuUGxhY2VzLlNlYXJjaFRleHQQAhgEIAA,disk entulho - Osasco SP
W SILVA CAÇAMBAS,(11) 94871-8087,"R. Fernão Álvares do Oriente, 220 - Praia Paulistinha, São Paulo - SP, 04812-310, Brasil",https://wsilvacacambas.com.br/,https://maps.google.com/?cid=838221431758957279&g_mp=Cidnb29nbGUubWFwcy5wbGFjZXMudjEuUGxhY2VzLlNlYXJjaFRleHQQAhgEIAA,aluguel de cacamba - Sao Paulo SP
WG Transportes,96077-1659,"R. Cádiz - Jardim das Maravilhas, Santo André - SP, 09250-160, Brasil",http://facebook.com/transporteswg,https://maps.google.com/?cid=13426569824716837937&g_mp=Cidnb29nbGUubWFwcy5wbGFjZXMudjEuUGxhY2VzLlNlYXJjaFRleHQQAhgEIAA,transporte de entulho - Santo Andre SP
WM Caçambas,(19) 97414-9450,"Av. Maria Emília A. dos Santos de Angelis, 48 - Parque Prado, Campinas - SP, 13044-163, Brasil",https://www.wmcacambas.com.br/,https://maps.google.com/?cid=18179349912750630083&g_mp=Cidnb29nbGUubWFwcy5wbGFjZXMudjEuUGxhY2VzLlNlYXJjaFRleHQQAhgEIAA,aluguel de cacamba - Campinas SP
WM Caçambas Disk Entulho,(19) 97414-9450,"R. Dr. Gastão Vidigal, 365 - Jardim Aurelia, Campinas - SP, 13033-030, Brasil",,https://maps.google.com/?cid=10508055692888689823&g_mp=Cidnb29nbGUubWFwcy5wbGFjZXMudjEuUGxhY2VzLlNlYXJjaFRleHQQAhgEIAA,disk entulho - Campinas SP
Wagner Salati - WS Terraplanagem,(19) 97410-0638,"Sitio Palmeiras, Artur Nogueira - SP, 13619-899, Brasil",,https://maps.google.com/?cid=13335691391677829016&g_mp=Cidnb29nbGUubWFwcy5wbGFjZXMudjEuUGxhY2VzLlNlYXJjaFRleHQQAhgEIAA,remocao de entulho - Artur Nogueira SP
XPB Caçamba entulho | Aluguel de caçamba em Campinas,(19) 98362-0516,"R. Hélio Martineli, 147 - Jardim Uruguai, Campinas - SP, 13059-852, Brasil",,https://maps.google.com/?cid=13303113577974022420&g_mp=Cidnb29nbGUubWFwcy5wbGFjZXMudjEuUGxhY2VzLlNlYXJjaFRleHQQAhgEIAA,aluguel de cacamba - Campinas SP
Zago - Caçambas de Entulho,(19) 3238-8518,"R. São José do Rio Preto, 392 - Jardim Nova Europa, Campinas - SP, 13040-059, Brasil",,https://maps.google.com/?cid=13054070566619638923&g_mp=Cidnb29nbGUubWFwcy5wbGFjZXMudjEuUGxhY2VzLlNlYXJjaFRleHQQAhgEIAA,aluguel de cacamba - Campinas SP
Zaily Caçambas,(11) 5565-5105,"Rua Tenente Américo Moretti, 672 - Vila Santa Catarina, São Paulo - SP, 04372-064, Brasil",https://www.zailycacambas.com.br/,https://maps.google.com/?cid=17693409357814107553&g_mp=Cidnb29nbGUubWFwcy5wbGFjZXMudjEuUGxhY2VzLlNlYXJjaFRleHQQAhgEIAA,aluguel de cacamba - Sao Paulo SP
Zanini Entulhos,(11) 98704-0141,"R. da Fortuna, 523 - Prosperidade, São Caetano do Sul - SP, 09550-580, Brasil",https://zaninientulho.wixsite.com/zaninientulho,https://maps.google.com/?cid=6354701209332308690&g_mp=Cidnb29nbGUubWFwcy5wbGFjZXMudjEuUGxhY2VzLlNlYXJjaFRleHQQAhgEIAA,remocao de entulho - Santo Andre SP
Zé Barro Materiais para Construção e Caçambas,(19) 3468-1399,"Av. Paschoal Ardito, 1930 - Santa Sofia, Americana - SP, 13473-010, Brasil",http://www.zedobarro.com.br/,https://maps.google.com/?cid=16594350616837761111&g_mp=Cidnb29nbGUubWFwcy5wbGFjZXMudjEuUGxhY2VzLlNlYXJjaFRleHQQAhgEIAA,aluguel de cacamba - Americana SP
caçamba de entulho,(11) 97600-8276,"R. Eva Klein da Silva - Jardim Marcelo, São Paulo - SP, 04865-005, Brasil",,https://maps.google.com/?cid=4993951971550728787&g_mp=Cidnb29nbGUubWFwcy5wbGFjZXMudjEuUGxhY2VzLlNlYXJjaFRleHQQAhgEIAA,aluguel de cacamba - Sao Paulo SP
osasco,(11) 3603-0440,"R. Antônio Grego - Padroeira, Osasco - SP, 06162-090, Brasil",http://calitrearmazenagem.wix.com/diskcarretos,https://maps.google.com/?cid=9032921450613566428&g_mp=Cidnb29nbGUubWFwcy5wbGFjZXMudjEuUGxhY2VzLlNlYXJjaFRleHQQAhgEIAA,transporte de entulho - Osasco SP
ponto de coleta entulhos,,"Av. Joaquim Martarolli, 869 - 755, Hortolândia - SP, 13186-577, Brasil",,https://maps.google.com/?cid=7350145710583218274&g_mp=Cidnb29nbGUubWFwcy5wbGFjZXMudjEuUGxhY2VzLlNlYXJjaFRleHQQAhgEIAA,coleta de entulho - Campinas SP
remoção de entulhos ensacados brut_s,(11) 98411-5807,"Av. Humberto de Alencar Castelo Branco - Jardim Independencia, São Bernardo do Campo - SP, 09862-480, Brasil",,https://maps.google.com/?cid=14427413014511857534&g_mp=Cidnb29nbGUubWFwcy5wbGFjZXMudjEuUGxhY2VzLlNlYXJjaFRleHQQAhgEIAA,remocao de entulho - Sao Bernardo do Campo SP
sw caçambas,(11) 2481-3376,"Viela Monte Aprazível - Jardim Santo Afonso, Guarulhos - SP, 07215-200, Brasil",,https://maps.google.com/?cid=5736090287458497972&g_mp=Cidnb29nbGUubWFwcy5wbGFjZXMudjEuUGxhY2VzLlNlYXJjaFRleHQQAhgEIAA,coleta de entulho - Guarulhos SP
vigui cacambas,(11) 2674-6126,"R. Água Rasa, 62 - Vila Reg. Feijó, São Paulo - SP, 03343-010, Brasil",http://viguicacambas.com.br/,https://maps.google.com/?cid=13074271578882834880&g_mp=Cidnb29nbGUubWFwcy5wbGFjZXMudjEuUGxhY2VzLlNlYXJjaFRleHQQAhgEIAA,transporte de entulho - Sao Paulo SP
Ágape Caçambas,(11) 97037-0187,"Al. Rio Negro, 585 - Alphaville Industrial, Barueri - SP, 06454-000, Brasil",https://cacambasagape.com.br/,https://maps.google.com/?cid=8090158948964090109&g_mp=Cidnb29nbGUubWFwcy5wbGFjZXMudjEuUGxhY2VzLlNlYXJjaFRleHQQAhgEIAA,coleta de entulho - Osasco SP
